SET SQL_MODE = "NO_AUTO_VALUE_ON_ZERO";
SET time_zone = "+00:00";


/*!40101 SET @OLD_CHARACTER_SET_CLIENT=@@CHARACTER_SET_CLIENT */;
/*!40101 SET @OLD_CHARACTER_SET_RESULTS=@@CHARACTER_SET_RESULTS */;
/*!40101 SET @OLD_COLLATION_CONNECTION=@@COLLATION_CONNECTION */;
/*!40101 SET NAMES utf8 */;
--
-- Database: `almexterno`
--




CREATE TABLE `area` (
  `idarea` int(11) NOT NULL AUTO_INCREMENT,
  `area` varchar(100) COLLATE utf8_spanish_ci NOT NULL,
  `nombres` varchar(50) COLLATE utf8_spanish_ci DEFAULT NULL,
  `apellidos` varchar(50) COLLATE utf8_spanish_ci DEFAULT NULL,
  `dni` int(11) DEFAULT NULL,
  `status` int(11) NOT NULL,
  PRIMARY KEY (`idarea`)
) ENGINE=InnoDB AUTO_INCREMENT=31 DEFAULT CHARSET=utf8 COLLATE=utf8_spanish_ci;


INSERT INTO area VALUES
("3","REFERENCIA","Veronica","-","12345678","1"),
("4","UNIDAD DE SEGUROS","Alex","Roalcaba Horna","14789632","1"),
("5","ADMINISTRACION","-","-","11111111","1"),
("6","CORNEA","-","-","22222222","1"),
("7","DIRECCION","-","-","11111111","1"),
("8","DOCENCIA","-","-","11111111","1"),
("9","ECONOMIA","-","-","11111111","1"),
("10","EMERGENCIA","-","-","11111111","1"),
("11","ENFERMERIA","-","-","11111111","1"),
("12","ESTADISTICA","-","-","11111111","1"),
("13","GLAUCOMA","-","-","11111111","1"),
("14","LOGISTICA","-","-","11111111","1"),
("15","MANTENIMIENTO","-","-","11111111","1"),
("16","OCULOPLASTICA","-","-","11111111","1"),
("17","OFTALMOPEDIATRIA","-","-","11111111","1"),
("18","OG","-","-","11111111","1"),
("19","PLANEAMIENTO","-","-","11111111","1"),
("20","RR.HH.","-","-","11111111","1"),
("21","SERV. SOCIAL","-","-","11111111","1"),
("22","TIC","-","-","11111111","1"),
("23","UPE","-","-","11111111","1"),
("24","ATENCION SIS","-","-","11111111","1"),
("25","OTRAS","-","-","11111111","1"),
("26","SOP","MILY","CABEL","11111111","1"),
("27","FARMACIA","-","-","11111111","1"),
("28","CONSULTA EXTERNA","-","-","11111111","1"),
("30","BAJA VISION","-","-","11111112","1");




CREATE TABLE `categoria` (
  `idcategoria` int(11) NOT NULL AUTO_INCREMENT,
  `categoria` varchar(30) COLLATE utf8_spanish_ci NOT NULL,
  PRIMARY KEY (`idcategoria`)
) ENGINE=InnoDB AUTO_INCREMENT=5 DEFAULT CHARSET=utf8 COLLATE=utf8_spanish_ci;


INSERT INTO categoria VALUES
("1","OTROS"),
("2","FORMATERIA"),
("4","UTILES DE ESCRITORIO");




CREATE TABLE `detalle_entrada` (
  `idproducto` int(11) NOT NULL,
  `identrada` int(11) NOT NULL,
  `cantidad` int(11) NOT NULL,
  PRIMARY KEY (`idproducto`,`identrada`),
  KEY `detalle_entrada_ibfk_2` (`identrada`),
  CONSTRAINT `detalle_entrada_ibfk_1` FOREIGN KEY (`idproducto`) REFERENCES `producto` (`idproducto`),
  CONSTRAINT `detalle_entrada_ibfk_2` FOREIGN KEY (`identrada`) REFERENCES `entrada` (`identrada`),
  CONSTRAINT `detalle_entrada_ibfk_3` FOREIGN KEY (`idproducto`) REFERENCES `producto` (`idproducto`)
) ENGINE=InnoDB DEFAULT CHARSET=utf8 COLLATE=utf8_spanish_ci;


INSERT INTO detalle_entrada VALUES
("1","49","40"),
("2","8","50"),
("5","9","70"),
("6","7","200"),
("6","9","10"),
("6","14","100"),
("6","29","70"),
("6","30","70"),
("6","31","100"),
("6","33","1000"),
("7","9","20"),
("73","6","288"),
("74","10","6"),
("75","10","6"),
("76","10","6"),
("77","11","4"),
("78","11","11"),
("78","21","6"),
("78","38","15"),
("79","12","15"),
("80","13","600"),
("81","13","19"),
("82","13","200"),
("84","15","24"),
("85","16","12"),
("85","36","2"),
("86","17","29"),
("87","18","2"),
("88","19","30"),
("89","20","12"),
("90","22","10"),
("90","45","3"),
("91","23","100"),
("92","23","250"),
("93","23","15"),
("94","23","140"),
("95","23","120"),
("96","23","150"),
("97","23","10"),
("98","23","50"),
("99","23","25"),
("100","23","8"),
("101","23","700"),
("102","23","5"),
("103","24","1000"),
("104","24","150"),
("105","24","10"),
("106","24","10"),
("107","24","1000"),
("108","24","10"),
("109","24","10"),
("110","25","50"),
("111","26","60"),
("112","26","500"),
("113","26","30"),
("114","27","10"),
("115","27","5000"),
("116","27","10"),
("117","27","10"),
("118","27","5"),
("119","28","10"),
("123","44","38"),
("126","46","24"),
("131","44","10"),
("132","32","100"),
("134","41","3"),
("140","44","60"),
("142","44","3"),
("143","46","100"),
("147","44","3"),
("150","44","20"),
("151","44","150"),
("152","44","30"),
("154","44","1250"),
("155","44","1250"),
("156","44","18"),
("159","44","10"),
("160","44","6"),
("167","46","80"),
("170","46","30"),
("172","46","6"),
("174","44","12"),
("179","37","60"),
("180","37","50"),
("181","37","50"),
("185","33","6"),
("188","44","20"),
("191","46","3"),
("198","44","6"),
("199","46","100"),
("200","46","20"),
("201","46","50"),
("202","46","20"),
("203","44","20"),
("206","49","5000"),
("207","44","2500"),
("209","44","27"),
("210","35","24"),
("211","35","12"),
("212","35","12");
INSERT INTO detalle_entrada VALUES
("213","35","1000"),
("216","44","30"),
("217","44","30"),
("218","44","10"),
("222","39","3"),
("223","40","40"),
("225","34","58"),
("226","37","10"),
("227","37","10"),
("228","37","10"),
("229","37","20"),
("230","37","10"),
("231","37","10"),
("232","37","100"),
("233","37","10"),
("234","37","20"),
("235","41","12"),
("236","41","1"),
("237","41","1"),
("238","41","10"),
("239","41","10"),
("240","41","10"),
("241","42","4"),
("242","43","10"),
("243","43","10"),
("244","44","20"),
("245","44","100"),
("246","44","10"),
("247","44","36"),
("248","44","60"),
("249","44","36"),
("250","44","60"),
("251","44","10"),
("252","44","10"),
("253","44","3"),
("254","44","50"),
("255","44","50"),
("256","44","50"),
("257","44","12"),
("258","44","24"),
("259","44","12"),
("260","44","1"),
("261","44","12"),
("262","44","6"),
("263","44","1"),
("264","44","4"),
("265","44","15"),
("266","44","1"),
("267","44","2"),
("268","44","20"),
("269","44","20"),
("270","44","10"),
("271","44","2500"),
("272","44","12"),
("273","44","6"),
("274","46","24"),
("275","46","500"),
("276","46","200"),
("277","46","50"),
("278","46","30"),
("279","46","12"),
("280","46","5"),
("281","46","20"),
("282","47","20"),
("283","48","5000");




CREATE TABLE `detalle_salida` (
  `idproducto` int(11) NOT NULL,
  `idsalida` int(11) NOT NULL,
  `cantidad` int(11) NOT NULL,
  `nota` varchar(200) COLLATE utf8_spanish_ci DEFAULT NULL,
  PRIMARY KEY (`idproducto`,`idsalida`)
) ENGINE=InnoDB DEFAULT CHARSET=utf8 COLLATE=utf8_spanish_ci;


INSERT INTO detalle_salida VALUES
("1","110","2",""),
("1","218","2",""),
("2","13","12",""),
("2","39","20",""),
("6","10","30",""),
("6","15","40",""),
("6","16","50",""),
("6","26","1",""),
("6","29","30",""),
("6","30","1",""),
("6","39","58",""),
("6","45","6",""),
("6","46","19",""),
("6","47","14",""),
("6","50","8",""),
("6","51","12",""),
("6","62","10",""),
("6","63","3",""),
("6","69","7",""),
("6","72","10",""),
("6","74","10",""),
("6","75","10",""),
("6","77","1",""),
("6","82","6",""),
("6","87","10",""),
("6","88","8",""),
("6","90","20",""),
("6","92","40",""),
("6","94","10",""),
("6","95","19",""),
("6","98","1",""),
("6","100","10",""),
("6","104","10",""),
("6","108","3",""),
("6","110","10",""),
("6","134","1",""),
("6","137","1",""),
("6","138","1",""),
("6","142","1",""),
("6","147","1",""),
("6","152","1",""),
("6","154","1",""),
("6","160","3",""),
("6","162","1",""),
("6","163","1",""),
("6","169","5",""),
("6","171","23",""),
("6","176","1",""),
("6","179","20",""),
("6","201","1",""),
("6","205","1",""),
("7","39","3",""),
("7","164","3",""),
("7","213","1",""),
("8","9","60",""),
("8","67","190",""),
("9","24","8",""),
("9","34","6",""),
("9","40","8",""),
("9","61","4",""),
("9","68","4",""),
("9","71","4",""),
("9","78","8",""),
("9","89","8",""),
("9","99","4",""),
("9","109","4",""),
("9","112","4",""),
("9","114","4",""),
("9","129","4",""),
("9","142","4",""),
("9","155","4",""),
("9","167","4",""),
("9","176","8",""),
("9","186","4",""),
("10","17","10",""),
("10","18","12",""),
("10","22","30",""),
("10","32","8",""),
("10","34","30",""),
("10","40","30",""),
("10","48","30",""),
("10","61","30",""),
("10","73","10",""),
("10","78","15",""),
("10","83","16",""),
("10","84","6",""),
("10","85","10",""),
("10","86","5",""),
("10","89","19",""),
("10","93","15",""),
("10","96","10",""),
("10","99","10",""),
("10","105","5",""),
("10","107","2",""),
("10","109","15",""),
("10","111","3",""),
("10","112","9",""),
("10","114","11",""),
("10","124","10",""),
("10","129","10","");
INSERT INTO detalle_salida VALUES
("10","138","10",""),
("10","146","10",""),
("10","152","14",""),
("10","155","8",""),
("10","156","40",""),
("10","167","10",""),
("10","176","25",""),
("10","186","20",""),
("10","187","4",""),
("10","190","20",""),
("10","193","14",""),
("10","197","16",""),
("11","6","13",""),
("11","23","30",""),
("11","38","10",""),
("11","43","10",""),
("11","44","5",""),
("11","53","30",""),
("11","79","50",""),
("11","101","3",""),
("11","106","20",""),
("11","128","47",""),
("13","8","15",""),
("13","11","12",""),
("13","35","1",""),
("13","53","10",""),
("13","155","43",""),
("13","191","40",""),
("16","42","10",""),
("18","12","11",""),
("18","58","4",""),
("18","207","10",""),
("18","212","10",""),
("21","9","20",""),
("22","67","15",""),
("23","14","20",""),
("24","66","2500",""),
("25","67","30",""),
("26","9","15",""),
("26","19","50",""),
("26","20","15",""),
("27","67","52",""),
("28","67","10",""),
("29","67","12",""),
("29","115","16",""),
("31","67","25",""),
("31","115","20",""),
("33","9","35",""),
("33","67","48",""),
("33","188","17",""),
("40","67","20",""),
("41","67","30",""),
("47","9","5",""),
("47","67","18",""),
("47","115","10",""),
("48","7","20",""),
("48","9","110",""),
("48","19","100",""),
("48","21","20",""),
("48","37","50",""),
("48","64","30",""),
("48","70","100",""),
("48","91","10",""),
("48","115","118",""),
("48","130","200",""),
("48","131","150",""),
("48","157","50",""),
("48","165","1",""),
("48","175","10",""),
("48","206","50",""),
("50","115","5",""),
("51","9","15",""),
("51","115","50",""),
("52","115","5",""),
("53","9","20",""),
("54","9","10",""),
("55","67","12",""),
("59","9","85",""),
("59","21","20",""),
("59","37","50",""),
("59","76","50",""),
("59","81","15",""),
("59","91","10",""),
("59","103","100",""),
("59","157","50",""),
("59","206","50",""),
("61","26","60",""),
("61","44","5",""),
("61","58","4",""),
("61","101","3",""),
("61","102","10",""),
("61","207","10",""),
("61","212","10",""),
("63","9","15",""),
("64","36","5",""),
("65","9","5",""),
("65","67","60",""),
("67","9","20",""),
("67","91","5",""),
("67","116","92","");
INSERT INTO detalle_salida VALUES
("73","15","24",""),
("73","27","3",""),
("73","29","6",""),
("73","39","3",""),
("74","28","6",""),
("75","28","6",""),
("76","28","6",""),
("77","39","1",""),
("77","88","3",""),
("78","31","1",""),
("78","33","1",""),
("78","39","5",""),
("78","41","1",""),
("78","60","3",""),
("78","65","6",""),
("79","39","1",""),
("80","44","2",""),
("80","101","3",""),
("80","111","3",""),
("80","155","32",""),
("80","190","20",""),
("80","202","20",""),
("80","215","20",""),
("80","225","20",""),
("80","234","20",""),
("81","25","1",""),
("82","25","200",""),
("83","115","5",""),
("83","132","2",""),
("84","49","2",""),
("84","65","11",""),
("84","88","1",""),
("84","113","10",""),
("85","52","2",""),
("85","80","1",""),
("85","97","1",""),
("85","204","2",""),
("85","218","1",""),
("86","54","2",""),
("86","59","2",""),
("86","60","1",""),
("86","173","2",""),
("86","180","2",""),
("86","181","1",""),
("87","55","1",""),
("88","59","1",""),
("88","123","1",""),
("88","145","1",""),
("88","183","1",""),
("88","213","9",""),
("89","56","1",""),
("89","57","6",""),
("89","98","1",""),
("89","212","1",""),
("90","65","10",""),
("92","67","250",""),
("93","67","15",""),
("94","67","140",""),
("95","67","120",""),
("96","67","150",""),
("97","67","10",""),
("98","67","50",""),
("99","67","25",""),
("100","67","8",""),
("101","67","700",""),
("102","67","5",""),
("103","67","1000",""),
("104","67","150",""),
("105","67","10",""),
("106","67","10",""),
("107","67","1000",""),
("108","67","10",""),
("109","67","10",""),
("110","67","50",""),
("111","67","60",""),
("112","67","500",""),
("113","67","30",""),
("114","67","10",""),
("115","103","2500",""),
("116","67","10",""),
("117","67","10",""),
("118","67","5",""),
("121","193","20",""),
("121","202","20",""),
("121","215","20",""),
("121","225","20",""),
("121","234","20",""),
("123","159","2",""),
("123","160","2",""),
("124","159","2",""),
("125","232","1",""),
("126","159","6",""),
("126","161","6",""),
("126","162","5",""),
("126","163","5",""),
("126","209","1",""),
("132","124","1",""),
("132","141","1",""),
("132","149","1",""),
("132","153","1","");
INSERT INTO detalle_salida VALUES
("132","159","8",""),
("132","172","7",""),
("132","194","1",""),
("132","221","2",""),
("132","228","1",""),
("133","150","4",""),
("133","159","5",""),
("133","160","3",""),
("133","163","1",""),
("133","199","12",""),
("133","233","2",""),
("134","159","2",""),
("134","166","3",""),
("136","126","2",""),
("136","148","1",""),
("136","181","1",""),
("136","189","2",""),
("136","200","1",""),
("138","164","1",""),
("142","159","2",""),
("142","160","1",""),
("143","125","1",""),
("143","134","1",""),
("143","135","1",""),
("143","141","1",""),
("143","164","12",""),
("143","172","1",""),
("143","209","1",""),
("145","159","12",""),
("145","160","5",""),
("145","162","2",""),
("145","163","2",""),
("147","159","1",""),
("147","162","1",""),
("147","163","1",""),
("150","133","1",""),
("150","135","1",""),
("150","148","1",""),
("150","159","2",""),
("150","189","2",""),
("150","198","1",""),
("150","222","1",""),
("151","231","50",""),
("152","160","5",""),
("154","214","2",""),
("154","231","25",""),
("157","232","2",""),
("158","159","2",""),
("158","162","1",""),
("158","163","1",""),
("158","196","1",""),
("161","127","1",""),
("161","135","1",""),
("161","148","1",""),
("161","172","3",""),
("161","177","1",""),
("161","181","1",""),
("161","189","1",""),
("161","209","1",""),
("161","220","1",""),
("162","117","1",""),
("162","118","2",""),
("162","119","1",""),
("162","122","2",""),
("162","123","5",""),
("162","125","1",""),
("162","129","3",""),
("162","135","1",""),
("162","137","1",""),
("162","139","1",""),
("162","140","2",""),
("162","143","2",""),
("162","144","2",""),
("162","148","1",""),
("162","159","25",""),
("162","161","47",""),
("162","221","2",""),
("163","123","5",""),
("163","125","1",""),
("163","129","3",""),
("163","135","1",""),
("163","161","25",""),
("163","172","6",""),
("163","189","10",""),
("163","195","1",""),
("163","201","2",""),
("163","208","1",""),
("163","209","1",""),
("165","125","1",""),
("165","135","1",""),
("165","195","1",""),
("165","201","2",""),
("165","209","1",""),
("165","221","2",""),
("167","159","2",""),
("167","161","12",""),
("167","168","1",""),
("167","181","1",""),
("167","182","2",""),
("167","232","1","");
INSERT INTO detalle_salida VALUES
("169","148","1",""),
("169","159","2",""),
("173","136","1",""),
("174","162","1",""),
("174","163","1",""),
("174","199","1",""),
("175","159","2",""),
("178","148","1",""),
("178","233","1",""),
("178","235","1",""),
("179","159","2",""),
("179","221","2",""),
("179","229","12",""),
("179","233","5",""),
("180","213","1",""),
("180","219","1",""),
("180","229","12",""),
("181","117","1",""),
("181","118","1",""),
("181","125","1",""),
("181","135","1",""),
("181","137","2",""),
("181","161","9",""),
("181","172","5",""),
("181","181","1",""),
("181","182","1",""),
("181","189","3",""),
("181","192","1",""),
("181","208","2",""),
("181","209","1",""),
("181","216","2",""),
("181","223","5",""),
("181","229","12",""),
("181","233","5",""),
("185","160","1",""),
("185","164","1",""),
("188","159","2",""),
("188","198","2",""),
("195","164","6",""),
("197","164","5",""),
("198","213","2",""),
("199","146","1",""),
("199","159","5",""),
("199","161","3",""),
("199","172","6",""),
("199","181","1",""),
("199","189","2",""),
("199","209","1",""),
("199","232","4",""),
("200","135","1",""),
("200","136","1",""),
("200","213","4",""),
("201","161","3",""),
("202","161","3",""),
("202","211","1",""),
("202","220","1",""),
("203","117","1",""),
("203","161","4",""),
("203","189","2",""),
("204","224","1",""),
("207","120","1",""),
("207","137","1",""),
("209","160","2",""),
("209","161","5",""),
("213","133","1",""),
("213","141","1",""),
("213","151","1",""),
("213","159","5",""),
("213","162","2",""),
("213","163","2",""),
("213","172","6",""),
("213","181","4",""),
("213","189","8",""),
("213","201","2",""),
("213","203","1",""),
("216","159","7",""),
("217","162","2",""),
("217","163","1",""),
("218","184","1",""),
("221","146","1",""),
("221","178","1",""),
("223","117","1",""),
("223","119","1",""),
("223","120","1",""),
("223","121","1",""),
("223","185","1",""),
("224","125","2",""),
("225","158","5",""),
("225","161","27",""),
("225","162","8",""),
("225","218","10",""),
("227","159","2",""),
("232","172","4",""),
("232","213","16",""),
("233","159","10",""),
("234","181","1",""),
("234","213","3",""),
("234","233","1",""),
("235","213","3",""),
("241","213","2","");
INSERT INTO detalle_salida VALUES
("242","213","1",""),
("243","213","1",""),
("244","159","3",""),
("244","162","1",""),
("244","163","1",""),
("244","230","2",""),
("245","227","3",""),
("245","233","4",""),
("252","213","2",""),
("253","232","1",""),
("254","213","1",""),
("255","233","2",""),
("256","213","20",""),
("257","213","1",""),
("258","213","1",""),
("259","213","3",""),
("260","160","1",""),
("261","210","1",""),
("262","159","2",""),
("262","213","1",""),
("264","213","1",""),
("265","231","1",""),
("267","160","1",""),
("268","159","1",""),
("268","161","2",""),
("268","162","1",""),
("268","200","1",""),
("268","213","3",""),
("269","159","2",""),
("269","161","2",""),
("269","162","1",""),
("269","163","1",""),
("269","174","1",""),
("269","213","1",""),
("269","232","5",""),
("270","213","10",""),
("272","213","4",""),
("272","226","1",""),
("273","159","2",""),
("273","160","2",""),
("273","162","1",""),
("274","232","2",""),
("275","161","3",""),
("275","162","12",""),
("275","163","12",""),
("275","172","6",""),
("275","181","3",""),
("275","189","20",""),
("275","195","2",""),
("275","208","1",""),
("275","209","1",""),
("275","213","40",""),
("275","231","2",""),
("275","232","1",""),
("276","231","2",""),
("276","232","1",""),
("277","232","1",""),
("279","232","1",""),
("280","164","1",""),
("280","213","1",""),
("281","159","5",""),
("281","161","3",""),
("281","213","12",""),
("282","213","1",""),
("283","170","500",""),
("285","217","2",""),
("285","231","2","");




CREATE TABLE `entrada` (
  `identrada` int(11) NOT NULL AUTO_INCREMENT,
  `fecha` date NOT NULL,
  `fechareg` timestamp NOT NULL DEFAULT current_timestamp() ON UPDATE current_timestamp(),
  `documento` varchar(10) COLLATE utf8_spanish_ci NOT NULL,
  `comentario` varchar(200) COLLATE utf8_spanish_ci NOT NULL,
  `status` int(11) NOT NULL,
  `idusuario` int(11) NOT NULL,
  PRIMARY KEY (`identrada`),
  KEY `idusuario` (`idusuario`),
  CONSTRAINT `entrada_ibfk_1` FOREIGN KEY (`idusuario`) REFERENCES `usuario` (`idusuario`)
) ENGINE=InnoDB AUTO_INCREMENT=50 DEFAULT CHARSET=utf8 COLLATE=utf8_spanish_ci;


INSERT INTO entrada VALUES
("6","2021-07-16","2022-02-09 10:00:00","CARGO-0004","ENTREGADO POR PATY","1","1"),
("7","2021-08-03","2022-02-09 10:00:00","-","ENTREGADO POR PROVEEDOR","1","1"),
("8","2021-08-06","2022-02-09 10:00:00","-","ENTREGADO POR ROBERTO","1","1"),
("9","2021-08-10","2022-02-09 10:00:00","-","ENTREGADO POR ROBERTO Y PATY","1","1"),
("10","2021-08-23","2022-02-09 10:00:00","-","ENTREGADO POR ROBERTO","1","1"),
("11","2021-09-01","2022-02-09 10:00:00","-","ENTREGADO POR ROBERTO","1","1"),
("12","2021-09-08","2022-02-09 10:00:00","-","ENTREGADO POR ROBERTO","1","1"),
("13","2021-09-28","2022-02-09 10:00:00","-","ENTREGADO POR PROVEEDOR","1","1"),
("14","2021-12-06","2022-02-09 10:00:00","-","TRASLADO DE ALMACEN ROBERTO 3ER PISO","1","1"),
("15","2021-12-14","2022-02-09 10:00:00","OC/418","DESDE ALM ROBERTO","1","1"),
("16","2021-12-15","2022-02-09 10:00:00","OC/419","DESDE ALM ROBERTO","1","1"),
("17","2021-12-23","2022-02-09 10:00:00","OC/442","RECIBIDO POR ROCKY","1","1"),
("18","2021-12-23","2022-02-09 10:00:00","OC/407","RECIBIDO POR ROCKY","1","1"),
("19","2021-12-23","2022-02-09 10:00:00","OC/441","RECIBIDO POR ROCKY","1","1"),
("20","2021-12-07","2022-02-09 10:00:00","OC/388","DESDE ALM ROBERTO","1","1"),
("21","2022-01-23","2022-02-09 10:00:00","OC/431","RECIBIDO POR ROCKY - PARA ENFERMERIA","1","1"),
("22","2022-01-23","2022-02-09 10:00:00","OC/433","RECIBIDO POR ROCKY - PARA ENFERMERIA","1","1"),
("23","2021-12-31","2022-02-09 10:00:00","OS/615","GR/390 - PRIMERA ENTREGA","1","1"),
("24","2021-12-31","2022-02-09 10:00:00","OS/615","GR/391 - PRIMERA ENTREGA","1","1"),
("25","2021-12-31","2022-02-09 10:00:00","OS/615","GR/392 - PRIMERA ENTREGA","1","1"),
("26","2022-01-07","2022-02-09 10:00:00","OS/615","GR/390 - SEGUNDA ENTREGA","1","1"),
("27","2022-01-07","2022-02-09 10:00:00","OS/615","GR/391 - SEGUNDA ENTREGA","1","1"),
("28","2022-01-07","2022-02-09 10:00:00","OS/615","GR/392 - SEGUNDA ENTREGA","1","1"),
("29","2022-01-28","2022-02-09 10:00:00","-","TRASLADO DE ALMACEN ROBERTO 3ER PISO","1","1"),
("30","2022-03-18","2022-03-18 11:33:51","-","TRASLADO DE ALMACEN ROBERTO 3ER PISO","1","1"),
("31","2022-04-01","2022-04-11 08:43:27","-","TRASLADO DE ALMACEN ROBERTO 3ER PISO","1","1"),
("32","2022-06-21","2022-06-21 13:20:28","OC/151","ENTREGADO POR ROBERTO - UBICADO ALMACEN IRO","1","1"),
("33","2022-06-21","2022-06-21 13:21:25","OC/154","EN ALMACEN 4TO PISO","1","1"),
("34","2022-07-01","2022-08-19 11:09:17","OC/172","ENTREGADO POR ROBERTO","1","1"),
("35","2022-07-01","2022-08-19 11:11:22","OC/150","ENTREGADO POR ROBERTO","1","1"),
("36","2022-07-01","2022-08-19 11:12:50","OC/158","ENTREGADO POR ROBERTO","1","1"),
("37","2022-07-01","2022-09-20 13:28:49","OC/159","ENTREGADO POR ROBERTO - 710300120047 (LLEGARON 20 PQT x 250) ","1","1"),
("38","2022-07-01","2022-08-19 11:19:33","OC/155","ENTREGADO POR ROBERTO","1","1"),
("39","2022-07-01","2022-08-19 11:20:19","OC/173","ENTREGADO POR ROBERTO","1","1"),
("40","2022-07-01","2022-08-19 11:20:59","OC/174","ENTREGADO POR ROBERTO","1","1"),
("41","2022-07-01","2022-08-19 11:27:30","OC/166","ENTREGADO POR ROBERTO","1","1"),
("42","2022-07-01","2022-08-19 11:29:58","OC/157","ENTREGADO POR ROBERTO","1","1"),
("43","2022-07-01","2022-08-19 11:31:48","OC/163","ENTREGADO POR ROBERTO","1","1"),
("44","2022-07-01","2022-08-19 11:48:30","OC/156","ENTREGADO POR ROBERTO","1","1"),
("45","2022-08-01","2022-08-19 11:50:35","OC/152","RECIBIO PATY","1","1"),
("46","2022-08-01","2022-08-19 11:53:57","OC/160","RECIBIO PATY","1","1"),
("47","2022-08-01","2022-08-19 11:54:55","OC/199","RECIBIO PATY","1","1"),
("48","2022-08-11","2022-08-19 11:55:41","OC/249","REVISADO POR LUIS","1","1"),
("49","2022-09-05","2022-09-05 13:52:25","GR/1-518","LLEGARON 40 CAJAS DE MEDIO MILLAR","1","1");




CREATE TABLE `menu` (
  `idmenu` int(11) NOT NULL AUTO_INCREMENT,
  `menupadre` int(11) DEFAULT NULL,
  `nombre` varchar(30) COLLATE utf8_spanish_ci NOT NULL,
  `link` varchar(30) COLLATE utf8_spanish_ci DEFAULT NULL,
  `icono` varchar(30) COLLATE utf8_spanish_ci NOT NULL,
  `tipo` tinyint(4) NOT NULL,
  `activo` tinyint(4) NOT NULL,
  `orden` tinyint(4) DEFAULT NULL,
  PRIMARY KEY (`idmenu`)
) ENGINE=InnoDB AUTO_INCREMENT=15 DEFAULT CHARSET=utf8 COLLATE=utf8_spanish_ci;


INSERT INTO menu VALUES
("1","","Dashboard","base_url()","fa-tachometer-alt","1","1","1"),
("2","","Productos","","fa-box-open","2","1","2"),
("3","2","Categorías","categorias","fa-check-circle","3","1","1"),
("4","2","Unidad de Medida","umedida","fa-check-circle","3","1","2"),
("5","2","Producto","productos","fa-check-circle","3","1","3"),
("6","2","Kardex","kardex","fa-check-circle","3","1","4"),
("7","","Entradas","","fa-sign-in-alt","2","1","3"),
("8","7","Entrada","entradas","fa-check-circle","3","1","1"),
("9","","Salidas","","fa-sign-out-alt","2","1","4"),
("10","9","Salida","salidas","fa-check-circle","3","1","1"),
("11","9","Areas","areas","fa-check-circle","3","1","2"),
("12","","Config","","fa-sign-out-alt","2","1","5"),
("13","12","Usuarios","usuarios","fa-check-circle","3","1","1"),
("14","12","Menu","menu","fa-check-circle","3","1","2");




CREATE TABLE `producto` (
  `idproducto` int(11) NOT NULL AUTO_INCREMENT,
  `codigo` bigint(11) NOT NULL,
  `nombre` varchar(200) COLLATE utf8_spanish_ci NOT NULL,
  `descripcion` text COLLATE utf8_spanish_ci DEFAULT NULL,
  `min` int(11) DEFAULT 0,
  `max` int(11) DEFAULT 0,
  `stock` int(11) NOT NULL DEFAULT 0,
  `ubicacion` varchar(30) COLLATE utf8_spanish_ci DEFAULT NULL,
  `status` int(11) NOT NULL,
  `fechareg` timestamp NOT NULL DEFAULT current_timestamp() ON UPDATE current_timestamp(),
  `idum` int(11) NOT NULL,
  `idcategoria` int(11) NOT NULL,
  `img` varchar(200) COLLATE utf8_spanish_ci DEFAULT NULL,
  `idusuario` int(11) NOT NULL,
  PRIMARY KEY (`idproducto`),
  KEY `idum` (`idum`),
  KEY `idcategoria` (`idcategoria`),
  KEY `idusuario` (`idusuario`),
  CONSTRAINT `producto_ibfk_1` FOREIGN KEY (`idum`) REFERENCES `unidadm` (`idum`),
  CONSTRAINT `producto_ibfk_2` FOREIGN KEY (`idcategoria`) REFERENCES `categoria` (`idcategoria`),
  CONSTRAINT `producto_ibfk_3` FOREIGN KEY (`idusuario`) REFERENCES `usuario` (`idusuario`)
) ENGINE=InnoDB AUTO_INCREMENT=286 DEFAULT CHARSET=utf8 COLLATE=utf8_spanish_ci;


INSERT INTO producto VALUES
("1","475100040819","SOBRE BLANCO MEMBRETADO 90 g TAMAÑO A4 - CAJA 0.5 millar","UBICADO EN ALMACEN IRO","0","0","7","IRO","1","2022-09-20 12:57:31","1","4","20220920_120503.jpg","1"),
("2","717200330039","PAPEL BULKY 52g TAMAÑO A4 - GRAPHOS (PQT x 500)","","0","0","0","A","1","2022-09-20 12:58:24","5","4","20220920_120546.jpg","1"),
("3","717200050413","PAPEL BOND DE 75g TAMAÑO A4 DE COLORES - MYLANO (PQT x 500)","","0","0","0","IRO","1","2022-02-09 09:25:23","1","4","","1"),
("4","717200050267","PAPEL BOND DE 75g TAMAÑO A4 DE COLOR - MYLANO","","0","0","0","IRO","1","2022-02-09 09:25:23","1","4","","1"),
("5","717200050224","PAPEL BOND 80g TAMAÑO A4 - GALLO (PQT x 500)","-","0","0","20","ABAJO","1","2022-10-18 14:01:44","1","4","IMG-20221010-WA0017.jpg","1"),
("6","717200050136","PAPEL BOND 75g TAMAÑO A4 - KERO (PQT x 500)","papel bond 75g","0","0","35","B","1","2022-06-03 11:59:23","1","4","","1"),
("7","717200050234","PAPEL BOND 75g TAMAÑO A3 - ATLAS (PQT x 500)","-","0","0","0","ABAJO","1","2022-09-29 09:58:33","1","4","","1"),
("8","475100051800","FORMATO UNIDAD DE REFRACCIÓN","","0","0","250","D","1","2022-02-09 09:25:23","3","2","","1"),
("9","99007","FORMATO UNICO DE ATENCION - FUA x PQT DE 500","6 paquetes de una bolsa de abajo","0","0","94","B","1","2022-02-09 09:25:23","5","2","","1"),
("10","99008","FORMATO TERAPEUTICO Y SERVICIOS DE APOYO AL DIAGNOSTICO - MEDICAMENTOS (MÁS ANTIGUO)","encontrados abajo, algunos para desechar","0","0","552","ABAJO","1","2022-09-14 13:59:08","1","2","99008.pdf","1"),
("11","99001","FORMATO TERAPEUTICO Y SERVICIOS DE APOYO AL DIAGNOSTICO - MEDICAMENTOS (ANTIGUO)","","0","0","218","C","1","2022-02-09 09:25:23","1","2","","1"),
("12","99006","FORMATO TERAPEUTICO Y SERVICIOS DE APOYO AL DIAGNOSTICO - INSUMOS (NUEVO)","517 traidos de alm paty y roberto","0","0","1443","A","1","2022-09-14 13:56:12","1","2","99006.pdf","1"),
("13","99002","FORMATO TERAPEUTICO Y SERVICIOS DE APOYO AL DIAGNOSTICO - INSUMOS (ANTIGUO)","-","0","0","309","C","1","2022-09-09 14:27:00","1","2","","1"),
("14","475100019003","FORMATO RIESGO QUIRÚRGICO X 100 HOJAS","","0","0","250","E","1","2022-02-09 09:25:23","1","2","475100019003.pdf","1"),
("15","475100056575","FORMATO RIESGO QUIRÚRGICO CONTROL","","0","0","150","E","1","2022-02-09 09:25:23","3","2","475100056575.pdf","1"),
("16","475100055957","FORMATO REPORTE DIARIO DE MATERIAL DE CENTRAL DE ESTERILIZACIÓN BLOCK X 100","","0","0","10","B","1","2022-02-09 09:25:23","1","2","","1"),
("17","475100054780","FORMATO REPORTE DE INCIDENTES Y EVENTOS ADVERSOS","","0","0","0","0","1","2022-02-09 09:25:23","1","2","","1"),
("18","475100015943","FORMATO REFERENCIA SIS AUTOCOPIATIVO (ORIGINAL + 2 COPIAS)","270 ALM ABAJO","0","0","321","E","1","2022-10-03 14:15:52","3","2","475100015943.pdf","1"),
("19","475100053329","FORMATO RECETA UNICA ESTANDARIZADA (ORIGINAL + 1 COPIA) PARA CIRUGÍA TRABECULECTOMÍA","","0","0","0","0","1","2022-02-09 09:25:23","3","2","","1"),
("20","475100056589","FORMATO RECETA UNICA ESTANDARIZADA (ORIGINAL + 1 COPIA) ANGIOGRAFÍA BLOCK X 100","","0","0","100","A","1","2022-02-09 09:25:23","1","2","475100056589.pdf","1"),
("21","475100051788","FORMATO PROTOCOLO PTERIGION","","0","0","38","B","1","2022-02-09 09:25:23","3","2","475100051788.pdf","1"),
("22","475100052099","FORMATO PROTOCOLO DE GLAUCOMA","","0","0","40","C","1","2022-02-09 09:25:23","3","2","475100052099.pdf","1"),
("23","475100017752","FORMATO PROTOCOLO DE ENFERMERIA EN TRANSOPERATORIO BLOCK X 100 HOJAS","","0","0","20","B","1","2022-02-09 09:25:23","1","2","","1"),
("24","475100051793","FORMATO PERIMETRO DE PROYECCION CAMPO VISUAL","","0","0","2500","B","1","2022-02-09 09:25:23","1","2","","1"),
("25","475100016068","FORMATO ORDEN MEDICAS","","0","0","30","B","1","2022-02-09 09:25:23","3","2","","1"),
("26","475100050668","FORMATO ORDEN DE OPERACIONES","","0","0","80","E","1","2022-02-09 09:25:23","3","2","","1"),
("27","475100018888","FORMATO LISTA DE VERIFICACION DE SEGURIDAD EN CIRUGIA","","0","0","97","D","1","2022-02-09 09:25:23","3","2","475100018888.pdf","1"),
("28","475100055959","FORMATO LISTA DE MONITOREO DIARIO DE MATERIAL QUIRÚRGICO BLOCK X 100 (MATERIAL QUIRURGICO SUELTO)","","0","0","30","A","1","2022-02-09 09:25:23","1","2","475100055959.pdf","1"),
("29","475100019376","FORMATO LAVADO DE PESTAÑAS","","0","0","200","D","1","2022-02-09 09:25:23","4","2","475100019376.pdf","1"),
("30","475100052110","FORMATO INFORMACION SOBRE CIRUGIA DE CHALAZION","","0","0","0","0","1","2022-02-09 09:25:23","1","2","","1"),
("31","475100052428","FORMATO INFORMACION SOBRE ANGIOFLUORESCEINOGRAFIA","","0","0","100","A","1","2022-02-09 09:25:23","1","2","475100052428.pdf","1"),
("32","475100017703","FORMATO HOJA TERAPEUTICA BLOCK X 100 HOJAS","","0","0","0","0","1","2022-02-09 09:25:23","1","2","","1"),
("33","475100019115","FORMATO HOJA PARA EXAMENES DE LABORATORIO BLOCK X 100 HOJAS","","0","0","100","B","1","2022-02-09 09:25:23","1","2","475100019115.pdf","1"),
("34","475100018798","FORMATO HOJA DE EMERGENCIA BLOCK X 100","","0","0","0","0","1","2022-02-09 09:25:23","1","2","","1"),
("35","475100017347","FORMATO HISTORIA OFTALMOLOGICA - SERVICIO DE OFTALMOLOGIA","","0","0","0","0","1","2022-02-09 09:25:23","1","2","","1"),
("36","475100051833","FORMATO HISTORIA CLINICA DEL NIÑO","","0","0","0","0","1","2022-02-09 09:25:23","1","2","","1"),
("37","475100015608","FORMATO HISTORIA CLINICA","","0","0","0","0","1","2022-02-09 09:25:23","1","2","","1"),
("38","475100056902","FORMATO F300 D REGISTRO DE SEGUIMIENTO CLINICO BLOCK X 100","","0","0","10","C","1","2022-02-09 09:25:23","1","2","475100056902.pdf","1"),
("39","475100019806","FORMATO EVALUACION PRE-OPERATORIA","","0","0","0","0","1","2022-02-09 09:25:23","3","2","","1"),
("40","475100015815","FORMATO EVALUACION PRE ANESTESICA","","0","0","20","B","1","2022-02-09 09:25:23","3","2","","1"),
("41","475100051802","FORMATO ESTUDIO DE CATARATA","","0","0","30","C","1","2022-02-09 09:25:23","3","2","","1"),
("42","475100019463","FORMATO DE VIGILANCIA EPIDEMIOLOGICA","","0","0","10","B","1","2022-02-09 09:25:23","1","2","475100019463.pdf","1"),
("43","475100017899","FORMATO DE TARJETA DE CITA","","0","0","0","0","1","2022-02-09 09:25:23","1","2","","1"),
("44","475100050264","FORMATO DE SOLICITUD DE EXAMENES DE DIAGNOSTICO POR IMÁGENES","","0","0","0","0","1","2022-02-09 09:25:23","3","2","","1"),
("45","475100056876","FORMATO DE RELACION DE PACIENTES PARA RECOJO DE MEDICAMENTOS BLOCK X 100","","0","0","0","0","1","2022-02-09 09:25:23","1","2","","1"),
("46","475100055958","FORMATO DE REGISTRO DE PACIENTES POST OPERATORIO BLOCK X 100","","0","0","10","B","1","2022-02-09 09:25:23","1","2","475100055958.pdf","1"),
("47","475100053333","FORMATO DE RECETA ÚNICA ESTANDARIZADA AUTOCOPIATIVO (ORIGINAL + 1 COPIA) PARA CIRUGÍA DE RETINA","","0","0","172","A","1","2022-02-09 09:25:23","3","2","475100053333.pdf","1"),
("48","475100050763","FORMATO DE RECETA ÚNICA ESTANDARIZADA + INDICACIONES (ORIGINAL + 1 COPIA) ","","0","0","4499","B-C","1","2022-02-09 09:25:23","3","2","475100050763.pdf","1"),
("49","475100053330","FORMATO DE RECETA UNICA ESTANDARIZADA (ORIGINAL + 1 COPIA) PARA CIRUGÍA DE IMPLANTE DE VÁLVULA","","0","0","0","0","1","2022-02-09 09:25:23","3","2","","1"),
("50","475100053328","FORMATO DE RECETA UNICA ESTANDARIZADA (ORIGINAL + 1 COPIA) PARA CIRUGÍA CHALAZIÓN","","0","0","39","A","1","2022-02-09 09:25:23","3","2","475100053328.pdf","1"),
("51","475100053326","FORMATO DE RECETA ÚNICA ESTANDARIZADA (ORIGINAL + 1 COPIA) PARA CIRUGÍA CATARATA","","0","0","174","A","1","2022-02-09 09:25:23","3","2","475100053326.pdf","1"),
("52","99005","FORMATO DE RECETA UNICA ESTANDARIZADA (ORIGINAL + 1 COPIA) GLAUCOMA - TRABECULECTOMIA","","0","0","49","A","1","2022-02-09 09:25:23","3","2","99005.pdf","1"),
("53","475100053327","FORMATO DE RECETA ÚNICA ESTANDARIZADA  (ORIGINAL + 1 COPIA) PARA CIRUGÍA PTERIGION","","0","0","139","A","1","2022-02-09 09:25:23","3","2","475100053327.pdf","1"),
("54","475100055964","FORMATO DE RECETA ÚNICA ESTANDARIZADA  (ORIGINAL + 1 COPIA) OCULOPLÁSTICA BLOCK X 100","","0","0","188","A","1","2022-02-09 09:25:23","1","2","475100055964.pdf","1"),
("55","475100016063","FORMATO DE INFORME DE INTERCONSULTA","","0","0","30","C","1","2022-02-09 09:25:23","3","2","475100016063.pdf","1"),
("56","475100050766","FORMATO DE HISTORIA CLÍNICA","","0","0","0","0","1","2022-02-09 09:25:23","1","2","","1"),
("57","475100052106","FORMATO DE EXAMEN BAJO ANESTESIA GENERAL","","0","0","5","D","1","2022-02-09 09:25:23","1","2","475100052106.pdf","1"),
("58","475100051795","FORMATO DE DESVIACION OCULAR","","0","0","20","B","1","2022-02-09 09:25:23","3","2","475100051795.pdf","1"),
("59","475100050765","FORMATO DE CITA DE CONTROL","","0","0","1800","A","1","2022-02-09 09:25:23","3","2","475100050765.pdf","1"),
("60","475100016055","FORMATO DE ATENCIÓN","","0","0","0","0","1","2022-02-09 09:25:23","1","2","","1"),
("61","475100015944","FORMATO CONTRAREFERENCIA SIS AUTOCOPIATIVO (ORIGINAL + 2 COPIAS)","ALM ABAJO mas 30(2 pqtde 15)","0","0","821","0","1","2022-09-29 09:26:22","3","2","475100015944.pdf","1"),
("62","475100053896","FORMATO CONSENTIMIENTO INFORMADO PARA RETINOPATIA DIABETICA","","0","0","199","D","1","2022-02-09 09:25:23","1","2","475100053896.pdf","1"),
("63","475100055994","FORMATO CONSENTIMIENTO INFORMADO PARA PROCEDIMIENTOS QUIRURGICOS BLOCK X 100 (CONSENTIMIENTO INFORMADO PARA CIRUGÍA)","","0","0","15","E","1","2022-02-09 09:25:23","1","2","","1"),
("64","475100056747","FORMATO CONSENTIMIENTO INFORMADO PARA LA ADMINISTRACION DE ANESTESIA GENERAL O SEDACION BLOCK x 100","CONSTA SOLO UNA HOJA BLANCO POR AMBOS LADOS","0","0","197","A","1","2022-09-14 10:29:30","1","2","475100056747.pdf","1"),
("65","475100050667","FORMATO CONSENTIMIENTO INFORMADO DE PROCEDIMIENTO","","0","0","65","E","1","2022-02-09 09:25:23","3","2","","1"),
("66","475100017278","FORMATO CONSENTIMIENTO INFORMADO","","0","0","0","0","1","2022-02-09 09:25:23","1","2","","1"),
("67","475100053671","FORMATO CONSENTIMIENTO - INFORMADO SOBRE CIRUGÍA DE CATARATA","","0","0","178","E","1","2022-02-09 09:25:23","1","2","475100053671.pdf","1"),
("68","475100053769","FORMATO CLASIFICACION DE DIFICULTAD DE CASO DE CATARATA","","0","0","0","0","1","2022-02-09 09:25:23","1","2","","1"),
("69","475100019026","FORMATO ACTUALIZACION DE DATOS BLOCK X 100 HOJAS","","0","0","0","0","1","2022-02-09 09:25:23","1","2","","1"),
("70","475100040746","FOLDER IMPRESO EN CARTULINA FOLCOTE 26.2 cm X 35.0 PARA HISTORIA CLINICA ADULTO","","0","0","0","0","1","2022-02-09 09:25:23","1","2","","1"),
("71","475100056877","FICHA DE REGISTRO BLOCK X 100 (FORMULARIO UNICO F100 REGISTRO DE PRUEBAS RAPIDAS)","","0","0","50","D","1","2022-02-09 09:25:23","1","2","475100056877.pdf","1"),
("72","99004","CAJAS DE CARTON","","0","0","0","0","1","2022-02-09 09:25:23","1","1","IMAGENCCITA.png","1"),
("73","99003","ARCHIVADORES PLASTIFICADOS OFICIO","-","0","0","15","B","1","2022-09-29 09:34:11","1","4","20220922_111917.jpg","1"),
("74","717200370038","PAPEL CONTINUO TIPO CONSOLA 56 g DE 9 7/8 in X 11 in X 1 - KERO","","0","0","0","ABAJO","1","2022-02-09 09:25:23","4","4","","1"),
("75","717200370153","PAPEL CONTINUO TIPO CONSOLA AUTOCOPIATIVO 56 g DE 9 7/8 in X 11 in X 2 - GALLO (pqt x 500)","","0","0","0","ABAJO","1","2022-02-09 09:25:23","1","4","","1"),
("76","717200370219","PAPEL CONTINUO TIPO CONSOLA AUTOCOPIATIVO 60 g DE 14 7/8 in X 11 in X2 - GALLO","","0","0","0","ABAJO","1","2022-02-09 09:25:23","4","4","","1"),
("77","767400062575","TONER DE IMPRESIÓN PARA HP COD REF. 30A CF230A NEGRO - HP","","0","0","0","ABAJO","1","2022-02-09 09:25:23","1","1","","1"),
("78","767400062073","TONER DE IMPRESIÓN PARA HP COD REF. 83A CF283A NEGRO - HP","","0","0","0","ABAJO","1","2022-10-18 13:56:38","1","1","IMG-20221010-WA0009.jpg","1"),
("79","767400062140","TONER DE IMPRESIÓN PARA SHARP COD. REF. MX-312NT NEGRO - SHARP","","0","0","0","B","1","2022-02-09 09:25:23","1","1","","1"),
("80","99009","FORMATO DE ATENCION BLOCC X 100 HOJAS (FUA)","-","0","0","0","A","1","2022-10-19 08:29:34","1","2","99009.pdf","1"),
("81","99010","FORMATO DE HISTORIA CLINICA CONTINUADOR CAJA X 5 MILL","-","0","0","0","0","1","2022-09-14 11:03:50","1","2","99010.pdf","1"),
("82","99011","FORMATO RIESGO QUIRURGICO CONTINUADOR","-","0","0","0","0","1","2022-09-14 13:37:59","1","2","","1"),
("83","99012","FORMATO DE RECETA UNICA ESTANDARIZADA (ORIGINAL + 1 COPIA) GLAUCOMA - IMPLANTE DE DISPOSITIVO DE DRENAJE","-","0","0","39","A","1","2022-09-14 11:04:26","3","2","99012.pdf","1"),
("84","767400062998","TONER DE IMPRESIÓN PARA HP COD. REF. 105A W1105A NEGRO HP","TONER: RENDIEMIENTO: 1000 PG. NEGRO G. F: 12 MESES ON-SITE\nCAJA X 01 UNIDAD HP TONER W1105A","0","0","0","A","1","2022-02-09 09:25:23","1","1","","1"),
("85","767400062983","TONER DE IMPRESIÓN PARA HP COD. REF. 58A CF258A NEGRO - HP","TONER: RENDIMIENTO: 3000 pg","0","0","1","A","1","2022-05-27 11:37:30","1","1","","1"),
("86","740882240001","MOUSE INALAMBRICO - WIRELESS TEROS","mouse inalambrico, actualmente ubicado en la oficina del sis","0","0","0","sis","1","2022-02-09 09:25:23","1","1","","1"),
("87","740805000001","COMPUTADORA PERSONAL PORTATIL - LENOVO","COMPUTADORA PERSONAL PORTATIL - LENOVO, ubicado actualmente en la oficina del sis SERIES (PF2P70QA - PF2P8ET0)","0","0","0","sis","1","2022-02-09 09:25:23","1","1","","1"),
("88","740895560001","TECLADO INALAMBRICO - MEETION","TECLADO INALAMBRICO - MEETION, ubicado actualmente en la oficina del sis","0","0","5","sis","1","2022-09-28 09:26:45","1","1","20220927_142553.jpg","1"),
("89","767400062757","TONER DE IMPRESIÓN PARA KYOCERA COD. REF. TK 6117 NEGRO - KYOCERA","RENDIMIETNO 15000 PG","0","0","2","IRO","1","2022-10-18 13:56:57","1","1","IMG-20221010-WA0019.jpg","1"),
("90","767400060940","TONER DE IMPRESIÓN PARA XEROX COD. REF. 108R00908 NEGRO - XEROX","TONER DE IMPRESIÓN PARA XEROX COD. REF. 108R00908 NEGRO - XEROX","0","0","0","IRO","1","2022-10-18 13:56:10","1","1","IMG-20221010-WA0008.jpg","1"),
("91","99013","FORMATO UNICO DE ATENCION (FUA - NUEVO FORMATO 2022) BLOCK X 100","-","0","0","0","ABAJO","1","2022-09-14 14:04:22","1","2","99013.pdf","1"),
("92","99014","FOLLETO INFORMATIVO PARA CURVA DE PRESIÓN","-","0","0","0","ABAJO","1","2022-09-14 09:14:19","1","2","","1"),
("93","99015","FORMATO ORDENES MEDICAS - BLOCK X 100","-","0","0","0","ABAJO","1","2022-09-14 12:47:28","1","2","","1"),
("94","99016","FORMATO DE SOLICITUD DE EXAMENES DE DIAGNOSTICO POR IMÁGENES - BLOCK X 100","-","0","0","0","ABAJO","1","2022-09-14 12:26:35","1","2","","1"),
("95","99017","FORMATO ORDEN DE OPERACIONES - BLOCK X 100","-","0","0","0","ABAJO","1","2022-09-14 12:47:16","1","2","","1"),
("96","99018","FORMATO DE SOLICITUD DE SALA DE OPERACIONES - BLOCK X 100","-","0","0","0","ABAJO","1","2022-09-14 12:26:42","1","2","","1"),
("97","99019","FORMATO PROTOCOLO DE UVEA - BLOCK X 100","-","0","0","0","ABAJO","1","2022-09-14 12:48:22","1","2","","1"),
("98","99020","FORMATO UNIDAD DE REFRACCIÓN - BLOCK X 100","-","0","0","0","ABAJO","1","2022-09-14 13:38:29","1","2","","1"),
("99","99021","FORMATO ESTUDIO DE CATARATA - BLOCK X 100","-","0","0","0","ABAJO","1","2022-09-14 12:26:51","1","2","","1"),
("100","99022","FORMATO PROTOCOLO DE PTERIGION (FICHA DE PTERIGION) - BLOCK X 100","-","0","0","0","ABAJO","1","2022-09-14 12:48:14","1","2","","1");
INSERT INTO producto VALUES
("101","99023","FORMATO DE CLASIFICACION DE DIFICULTAD DE CASO CATARATA","-","0","0","0","ABAJO","1","2022-09-14 11:03:26","1","2","","1"),
("102","99024","FORMATO REGISTRO DE PACIENTES CON SOSPECHA DE GLAUCOMA - BLOCK X 100","-","0","0","0","ABAJO","1","2022-09-14 13:37:41","1","2","","1"),
("103","99025","FORMATO DE HOJA DE ANESTESIA","-","0","0","0","ABAJO","1","2022-09-14 11:04:03","1","2","","1"),
("104","99026","FORMATO DE PROTOCOLO DE ENFERMERIA EN EL TRANSOPERATORIO","-","0","0","0","ABAJO","1","2022-09-14 11:04:15","1","2","","1"),
("105","99027","FORMATO EVALUACION PREANESTESICA (VISITA PREANESTESICA) - BLOCK X 100","-","0","0","0","ABAJO","1","2022-09-14 12:26:59","1","2","","1"),
("106","99028","FORMATO REPORTE DIARIO DE MATERIAL DE CENTRAL DE ESTERILIZACIÓN - BLOCK X 100","-","0","0","0","ABAJO","1","2022-09-14 13:37:50","1","2","","1"),
("107","99029","SOBRE BLANCO MEMBRETADO  ","","0","0","0","ABAJO","1","2022-02-09 09:25:23","1","4","","1"),
("108","99030","FORMATO DE RECETA ÚNICA ESTANDARIZADA LASIK - BLOCK X 100","-","0","0","0","ABAJO","1","2022-09-14 12:26:19","1","2","","1"),
("109","99031","FORMATO DE RECETA ÚNICA ESTANDARIZADA PRK - BLOCK X 100","-","0","0","0","ABAJO","1","2022-09-14 12:26:26","1","2","","1"),
("110","99032","FORMATO DE RECETA ÚNICA ESTANDARIZADA AVASTIN - BLOCK X 100","-","0","0","0","ABAJO","1","2022-09-14 12:26:10","1","2","","1"),
("111","99033","CONSENTIMIENTO INFORMADO PARA PROCEDIMIENTOS - BLOCK X 100","-","0","0","0","ABAJO","1","2022-09-14 08:52:50","1","2","","1"),
("112","99034","FORMATO INFORMACION SOBRE LA CIRUGÍA DE CHALAZION","-","0","0","0","ABAJO","1","2022-09-14 12:27:52","1","2","","1"),
("113","99035","FORMATO CONSENTIMIENTO INFORMADO PARA CIRUGÍA (PROCEDIMIENTOS QUIRURGICOS)","-","0","0","0","ABAJO","1","2022-09-14 10:30:44","1","2","","1"),
("114","99036","FORMATO CURVA DE PRESION INTRAOCULAR - BLOCK X 100","-","0","0","0","ABAJO","1","2022-09-14 11:01:47","1","2","","1"),
("115","99037","FORMATO INFORMATIVO DE LÁSER PARA RETINOPATIA DIABETICA","-","0","0","0","ABAJO","1","2022-09-14 12:45:48","1","2","99037.pdf","1"),
("116","99038","FORMATO INFORMACION SOBRE LA CIRUGIA DE PTERIGION - BLOCK X 100","-","0","0","0","ABAJO","1","2022-09-14 12:27:39","1","2","","1"),
("117","99039","FORMATO CONSENTIMIENTO INFORMADO PARA CIRUGIA DE GLAUCOMA - BLOCK X 100","-","0","0","0","ABAJO","1","2022-09-14 10:30:20","1","2","","1"),
("118","99040","FORMATO CONSENTIMIENTO INFORMADO PARA CIRUGIA REFRACTIVA CON EXAMEN LASER - BLOCK X 100","-","0","0","0","ABAJO","1","2022-09-14 10:30:34","1","2","","1"),
("119","99041","FORMADO CONSENTIMIENTO INFORMADO PARA LA ADMINISTRACION DE ANESTESIA GENERAL O SEDACION - BLOCK X 100","SOLO CONSTA DE UNA HOJA POR AMBOS LADOS :(","0","0","0","ABAJO","1","2022-09-14 10:22:09","1","2","99041.pdf","1"),
("121","99042","FORMATO TERAPEUTICO Y SERVICIOS DE APOYO AL DIAGNOSTICO - MEDICAMENTOS (NUEVO)","FORMATOS NUEVOS","0","0","600","IRO","1","2022-09-14 14:00:24","1","2","99042.pdf","1"),
("122","99043","ARCHIVADOR LOMO DELGADO OFICIO","","0","0","6","IRO","1","2022-05-27 11:30:47","1","4","","1"),
("123","710600010070","ARCHIVADOR LOMO NORMAL A4","","0","0","21","IRO","1","2022-09-29 09:34:11","1","4","20220922_121344.jpg","1"),
("124","99044","BANDEJAS PORTAPAPLES PLASTICO 2 CUERPOS","","0","0","6","IRO","1","2022-09-29 09:34:11","1","4","20220922_131404.jpg","1"),
("125","99045","BANDEJAS PORTAPAPLES PLASTICO 3 CUERPOS","","0","0","7","IRO","1","2022-09-29 11:28:21","1","4","20220922_131414.jpg","1"),
("126","711100010028","BORRADOR BLANCO PARA LAPIZ TAMAÑO CHICO","","0","0","5","IRO","1","2022-05-27 11:30:47","1","4","","1"),
("127","99046","CAJA PARA CD","","0","0","50","IRO","1","2022-05-27 11:30:47","1","4","","1"),
("128","99047","CALCULADORA CASIO MX-12B-BK","","0","0","25","IRO","1","2022-05-27 11:30:47","1","4","","1"),
("129","99048","CD - R 700 MB","","0","0","200","IRO","1","2022-05-27 11:30:47","1","4","","1"),
("130","718500060018","CHINCHES DORADOS 10MM X 100 UND","","0","0","20","IRO","1","2022-09-28 09:09:19","1","4","20220922_140129.jpg","1"),
("131","718500060001","CHINCHES PLASTIFICADOS (COLORES) X 100 UND","","0","0","10","IRO","1","2022-09-23 09:00:23","1","4","20220922_140046.jpg","1"),
("132","767400090162","CINTA DE IMPRESION PARA EPSON COD. REF. S015337","-","0","0","3","IRO","1","2022-10-17 11:32:13","1","4","20220921_103800.jpg","1"),
("133","503300250039","CINTA DE EMBALAJE 2 in X 55 yd","","0","0","70","IRO","1","2022-09-29 11:28:21","1","4","","1"),
("134","710300160001","CINTA MASKING 3/4\' X 55 YD","","0","0","14","IRO","1","2022-09-29 11:28:21","1","4","20220927_115027.jpg","1"),
("135","99049","CINTA TRANSPARENTE (CINTA SCOCH) 3/4\' X 72 YD 18MM X 66MM","","0","0","2","IRO","1","2022-05-27 11:30:47","1","4","","1"),
("136","718500050001","CLIP DE METAL 33 MM CAJA X 100 UND","","0","0","156","IRO","1","2022-09-29 11:28:21","1","4","20220923_121726.jpg","1"),
("137","99050","CLIP DE METAL 50 MM CAJA X 100 UND","","0","0","40","IRO","1","2022-09-29 11:28:21","1","4","20220923_121456.jpg","1"),
("138","718500050005","CLIP MARIPOSA 45MM X 50 CLIPS","","0","0","1","IRO","1","2022-05-27 11:30:47","1","4","","1"),
("139","718500050004","CLIP MARIPOSA GRANDE CJA X 12 ","","0","0","50","IRO","1","2022-09-29 09:34:11","1","4","20220923_123034.jpg","1"),
("140","718500140013","CLIP SUJETADOR DE HOJAS 1 1/4 32 MM CJA X 12 (BINDER CLIP)","-","0","0","84","IRO","1","2022-09-23 11:36:58","1","4","20220923_111843.jpg","1"),
("141","718500140003","CLIP SUJETADOR DE HOJAS 25 MM CJA X 12 (BINDER CLIP)","","0","0","4","IRO","1","2022-09-23 11:38:40","1","4","20220923_112927.jpg","1"),
("142","710300060101","COLA SINTETICA 250 GR - GOMA LIQUIDA X 250 g CON APLICADOR","","0","0","7","IRO","1","2022-09-29 11:28:21","1","4","20220922_135438.jpg","1"),
("143","711100030001","CORRECTOR LIQUIDO TIPO LAPICERO CON PUNTA FINA DE METAL","","0","0","78","IRO","1","2022-09-29 11:28:21","1","4","20220921_133633.jpg","1"),
("144","99051","CUADERNO DE CARGO","","0","0","1","IRO","1","2022-05-27 11:30:47","1","4","","1"),
("145","717200030014","CUADERNO CUADRICULADO TAMAÑO A4 X 100 HOJAS","","0","0","22","IRO","1","2022-10-18 13:58:47","1","4","IMG-20221010-WA0011.jpg","1"),
("146","99052","CUADERNOS CHICO","","0","0","12","IRO","1","2022-05-27 11:30:47","1","4","","1"),
("147","715000320007","CUCHILLA PARA PAPEL 18MM","","0","0","1","IRO","1","2022-05-27 11:30:47","1","4","","1"),
("148","99053","DISPENSADOR DE CINTA DE EMBALAJE 2\'","","0","0","1","IRO","1","2022-05-27 11:30:47","1","4","","1"),
("149","99054","ENGRAMPADOR INDUSTRIAL M-E01L 23/6 23/24","","0","0","1","IRO","1","2022-05-27 11:30:47","1","4","","1"),
("150","715000110033","ENGRAMPADOR M-527 26/6","-","0","0","23","IRO","1","2022-10-07 14:24:23","1","4","20220923_105559.jpg","1"),
("151","718500100014","FASTER DE METAL CAJA X 50 UND","-","0","0","3350","IRO","1","2022-10-18 13:43:45","1","4","20220923_104422.jpg","1"),
("152","710600050013","FOLDER DE PLASTICO NEGRO A4","","0","0","2","IRO","1","2022-09-23 09:04:59","1","4","20220922_141311.jpg","1"),
("153","99055","FOLDER DE PLASTICO NEGRO OFICIO","","0","0","5","IRO","1","2022-09-23 10:02:48","1","4","20220923_095903.jpg","1"),
("154","710600040024","FOLDER MANILA A4","-","0","0","102","IRO","1","2022-09-30 08:40:53","1","4","20220929_132548.jpg","1"),
("155","710600040025","FOLDER MANILA OFICIO","","0","0","250","IRO","1","2022-09-29 13:46:45","1","4","20220929_132530.jpg","1"),
("156","710600050010","FOLDER OFICIO CON SUJETADOR","","0","0","4","IRO","1","2022-09-23 10:02:33","1","4","20220923_095948.jpg","1"),
("157","99056","FORRO DE PAPEL OFICIO","","0","0","36","IRO","1","2022-09-21 10:19:56","1","4","20220921_101450.jpg","1"),
("158","99057","GOMA EN BARRA","","0","0","86","IRO","1","2022-05-27 11:30:48","1","4","","1"),
("159","718500080021","GRAPA DE METAL 23/8 X 1000","","0","0","0","IRO","1","2022-09-29 11:28:21","1","4","20220923_114938.jpg","1"),
("160","718500080010","GRAPAS 23/10","","0","0","1","IRO","1","2022-09-23 11:52:06","1","4","20220923_114954.jpg","1"),
("161","718500080026","GRAPAS DE METAL 26/6 CAJA X 5000","-","0","0","701","IRO","1","2022-10-06 13:54:34","1","4","20220927_121218.jpg","1"),
("162","99058","LAPICERO AZUL","-","0","0","99","IRO","1","2022-10-06 14:37:58","1","4","","1"),
("163","99059","LAPICERO NEGRO","","0","0","145","IRO","1","2022-05-27 11:30:48","1","4","","1"),
("164","99060","LAPICERO NEGRO TINTA LIQUIDA","","0","0","10","IRO","1","2022-05-27 11:30:48","1","4","","1"),
("165","99061","LAPICERO ROJO","","0","0","69","IRO","1","2022-05-27 11:30:48","1","4","","1"),
("166","99062","LAPICERO ROJO TINTA LIQUIDA","","0","0","26","IRO","1","2022-05-27 11:30:48","1","4","","1"),
("167","716000040112","LAPIZ 2B","","0","0","18","IRO","1","2022-09-29 11:28:22","1","4","20220921_132127.jpg","1"),
("168","99063","LIBRO DE ACTAS AZUL RAYADO","","0","0","3","IRO","1","2022-05-27 11:30:48","1","4","","1"),
("169","718500110026","LIGA N 18 X 255 APROX","","0","0","7","IRO","1","2022-09-29 11:28:22","1","4","20220927_114603.jpg","1"),
("170","716000060410","PLUMON TINTA INDELEBLE MARCADOR AZUL PUNTA FINA","","0","0","2","IRO","1","2022-09-29 11:28:22","1","4","20220921_125532.jpg","1"),
("171","716000060432","PLUMON TINTA INDELEBLE MARCADOR NEGRO PUNTA FINA","","0","0","14","IRO","1","2022-09-29 11:28:22","1","4","20220921_130130.jpg","1"),
("172","716000060433","PLUMON TINTA INDELEBLE MARCADOR ROJO PUNTA FINA","","0","0","4","IRO","1","2022-09-21 12:59:44","1","4","20220921_125516.jpg","1"),
("173","710600120002","MICA A4 PQT X 10","","0","0","11","IRO","1","2022-05-27 11:30:48","1","4","","1"),
("174","710600120058","MICA OFICIO PQT X 10","","0","0","5","IRO","1","2022-09-29 11:28:22","1","4","20220922_134901.jpg","1"),
("175","715000440001","MOTA PARA PIZARRA ACRILICA","","0","0","4","IRO","1","2022-09-29 11:28:22","1","4","20220921_132324.jpg","1"),
("176","767500580004","MOUSE","-","0","0","39","IRO","1","2022-09-29 09:34:11","1","4","20220927_125732.jpg","1"),
("177","710300120048","NOTAS ADHESIVAS 3\' X 2\' (50 X 75 MM) - 100 HOJAS ARTESCO","","0","0","50","IRO","1","2022-09-20 13:14:11","1","4","20220920_131219.jpg","1"),
("178","710300120116","NOTAS ADHESIVAS 3\' X 3\' (76 X 76 MM) SURTIDO COLOR - 500 HOJAS TWINS","","0","0","24","IRO","1","2022-09-29 11:28:22","1","4","20220920_123827.jpg","1"),
("179","710300120110","NOTAS ADHESIVAS 38 X 51 MM - 100 HOJAS DIMER OFFICE","-","0","0","28","IRO","1","2022-10-06 14:38:50","1","4","20220920_133750.jpg","1"),
("180","710300120113","NOTAS ADHESIVAS 51 X 76 MM","","0","0","0","IRO","1","2022-09-29 10:22:25","1","4","20220920_131233.jpg","1"),
("181","710300120111","NOTAS ADHESIVAS 75 X 75 MM - 100 HOJAS FABER CASTELL","","0","0","109","IRO","1","2022-09-29 11:28:22","1","4","20220920_123738.jpg","1"),
("182","710300130026","NOTAS ADHESIVAS BANDERITAS 25MM X 43 MM X 50 UND","","0","0","48","IRO","1","2022-05-27 11:30:48","1","4","","1"),
("183","99064","PAPEL CARBON A4 L-200 AZUL X 100 HOJAS","-","0","0","3","IRO","1","2022-10-18 13:38:58","1","4","20220927_122929.jpg","1"),
("184","99065","PAPEL DE COLOR SURTIDO - PQT X 100 A4 MYLANO","","0","0","44","IRO","1","2022-10-18 14:00:16","1","4","IMG-20221010-WA0016.jpg","1"),
("185","717200050230","PAPEL DE COLOR SURTIDO - PQT X 500 A4 75GR TWINS","-","0","0","18","IRO","1","2022-10-18 14:01:25","1","4","IMG-20221010-WA0015.jpg","1"),
("186","99066","PAPEL PERIODICO NATURAL PQT X 500 HOJAS","-","0","0","5","IRO","1","2022-09-21 10:20:43","1","4","20220921_101400.jpg","1"),
("187","99067","PERFORADOR DE 60 HOJAS","","0","0","1","IRO","1","2022-09-23 08:46:12","1","4","20220922_133104.jpg","1"),
("188","710600070003","PIONER A4 VINIFAN 2 ANILLOS PARA 650 HOJAS","","0","0","28","IRO","1","2022-09-29 09:34:11","1","4","20220922_121436.jpg","1"),
("189","716000060415","PLUMON GRUESO AZUL","","0","0","8","IRO","1","2022-09-29 11:28:22","1","4","20220921_113115.jpg","1"),
("190","716000060422","PLUMON GRUESO NEGRO","","0","0","11","IRO","1","2022-09-29 11:28:22","1","4","20220921_112929.jpg","1"),
("191","716000060398","PLUMON GRUESO ROJO","","0","0","0","IRO","1","2022-09-29 11:28:22","1","4","20220921_120207.jpg","1"),
("192","716000060414","PLUMON GRUESO VERDE","","0","0","8","IRO","1","2022-09-21 11:38:19","1","4","20220921_112528.jpg","1"),
("193","716000060406","PLUMON MARCADOR AZUL PARA PIZARRA BLANCA ACRIMAX","","0","0","4","IRO","1","2022-09-29 11:28:22","1","4","20220921_122639.jpg","1"),
("194","716000060407","PLUMON MARCADOR NEGRO PARA PIZARRA BLANCA ACRIMAX","","0","0","5","IRO","1","2022-09-29 11:28:22","1","4","20220921_122653.jpg","1"),
("195","716000060421","PLUMON PIZARRA AZUL PUNTA GRUESA","","0","0","26","IRO","1","2022-09-29 11:28:22","1","4","20220921_114722.jpg","1"),
("196","716000060423","PLUMON PIZARRA NEGRO PUNTA GRUESA","","0","0","9","IRO","1","2022-09-29 11:28:22","1","4","20220921_114553.jpg","1"),
("197","716000060405","PLUMON PIZARRA ROJO PUNTA GRUESA","","0","0","5","IRO","1","2022-05-27 11:30:48","1","4","","1"),
("198","715000190001","REGLA DE PLASTICO 30 CM","","0","0","0","IRO","1","2022-09-29 10:31:10","1","4","20220921_133256.jpg","1"),
("199","716000060443","RESALTADOR AMARILLO","","0","0","60","IRO","1","2022-09-29 11:28:22","1","4","20220921_134654.jpg","1"),
("200","716000060465","RESALTADOR CELESTE","","0","0","0","IRO","1","2022-09-29 10:32:58","1","4","20220921_134731.jpg","1"),
("201","716000060444","RESALTADOR NARANJA","","0","0","3","IRO","1","2022-09-29 11:28:22","1","4","20220921_134705.jpg","1");
INSERT INTO producto VALUES
("202","716000060445","RESALTADOR VERDE","-","0","0","35","IRO","1","2022-10-06 13:55:22","1","4","20220921_134755.jpg","1"),
("203","715000200007","SACAGRAPAS 24/6 26/6","","0","0","5","IRO","1","2022-09-29 11:28:22","1","4","20220923_115331.jpg","1"),
("204","716000030070","SELLO FECHADOR S-826D 24 X 41 MM","","0","0","11","IRO","1","2022-10-18 13:57:12","1","4","IMG-20221010-WA0010.jpg","1"),
("205","737000050314","SILICONA LIQUIDA 250 GR","","0","0","3","IRO","1","2022-09-29 11:28:22","1","4","20220922_135458.jpg","1"),
("206","475100040407","SOBRE DE PAPEL COLOR BLANCO OFICIO 22 X 11 CM","","0","0","500","IRO","1","2022-09-20 12:57:06","1","4","20220920_120023.jpg","1"),
("207","710600100238","SOBRE MANILA OFICIO PQT X 50","","0","0","402","IRO","1","2022-09-29 13:46:55","1","4","20220929_132434.jpg","1"),
("208","99068","SUJETADOR DE PAPEL 51MM X 12 (BINDER CLIP)","","0","0","11","IRO","1","2022-05-27 11:30:48","1","4","","1"),
("209","715000220029","TAJADOR DE METAL","","0","0","7","IRO","1","2022-05-27 11:30:48","1","4","","1"),
("210","716000090064","TAMPON CON CUBIERTA DE PLASTICO 12.5 CM X 9.5 CM APROX. COLOR AZUL","","0","0","30","IRO","1","2022-09-20 12:55:15","1","4","20220920_124313.jpg","1"),
("211","716000090066","TAMPON CON CUBIERTA DE PLASTICO 12.5 cm X 9.5 cm APROX. COLOR NEGRO","","0","0","14","IRO","1","2022-09-20 12:54:53","1","4","20220920_124322.jpg","1"),
("212","716000090068","TAMPON CON CUBIERTA DE PLASTICO 12.5 CM X 9.5 CM APROX. COLOR ROJO","","0","0","0","IRO","1","2022-09-29 11:28:22","1","4","20220920_124329.jpg","1"),
("213","716000090045","TAMPON PARA HUELLA DACTILAR","","0","0","3002","IRO","1","2022-09-29 11:28:22","1","4","20220920_120758.jpg","1"),
("214","740895000013","TECLADO","-","0","0","3","IRO","1","2022-09-29 09:34:11","1","4","20220927_142532.jpg","1"),
("215","715000230041","TIJERA DE PLASTICO MANGO NEGRO 7","-","0","0","1","IRO","1","2022-09-21 13:29:50","1","4","20220921_132730.jpg","1"),
("216","716000160013","TINTA PARA TAMPON X 30 ML APROX. COLOR AZUL","","0","0","47","IRO","1","2022-09-29 11:28:22","1","4","20220920_124424.jpg","1"),
("217","716000160014","TINTA PARA TAMPON X 30 ML APROX. COLOR NEGRO","","0","0","30","IRO","1","2022-09-29 11:28:22","1","4","20220920_124432.jpg","1"),
("218","716000160015","TINTA PARA TAMPON X 30 ML APROX. COLOR ROJO","","0","0","12","IRO","1","2022-09-29 11:28:22","1","4","20220920_124407.jpg","1"),
("219","99069","TONER HP 26X CF 226XD","","0","0","2","IRO","1","2022-05-27 11:30:48","1","4","","1"),
("220","99070","TONER HP 32A CF 232A","-","0","0","1","IRO","1","2022-10-03 14:28:37","1","4","","1"),
("221","99071","TONER HP 80X CF 280X","","0","0","13","IRO","1","2022-05-27 11:30:48","1","4","","1"),
("222","767400062744","TONER SHARP MX-561 NT","","0","0","11","IRO","1","2022-10-18 13:55:33","1","4","IMG-20221010-WA0007.jpg","1"),
("223","767500590014","USB 64 GB","","0","0","3","IRO","1","2022-09-29 11:28:22","1","4","20220927_114804.jpg","1"),
("224","99072","PAD MOUSE","PAD MOUSE","0","0","28","IRO","1","2022-06-01 14:28:31","1","1","","1"),
("225","717200020099","PAPEL CONTOMETRO BOND 75MM x 80 m ","","0","0","0","IRO","1","2022-10-18 13:53:36","1","4","IMG-20221010-WA0012.jpg","1"),
("226","710300130036","BANDERITA SEÑALIZADORA 4.30 cm x 2.54 cm APROX x 50 HOJAS COLOR AMARILLO","","0","0","0","IRO","1","2022-09-20 14:03:32","1","4","20220920_135957.jpg","1"),
("227","710300130034","BANDERITA SEÑALIZADORA 4.30 cm x 2.54 cm APROX x 50 HOJAS COLOR AZUL","","0","0","0","IRO","1","2022-08-19 11:02:04","1","4","","1"),
("228","710300130037","BANDERITA SEÑALIZADORA 4.30 cm x 2.54 cm APROX x 50 HOJAS COLOR NARANJA","","0","0","0","IRO","1","2022-08-19 11:02:04","1","4","","1"),
("229","710300130033","BANDERITA SEÑALIZADORA 4.30 cm x 2.54 cm APROX x 50 HOJAS COLOR ROJO","","0","0","0","IRO","1","2022-09-20 14:03:54","1","4","20220920_135930.jpg","1"),
("230","710300130035","BANDERITA SEÑALIZADORA 4.30 cm x 2.54 cm APROX x 50 HOJAS COLOR VERDE","","0","0","0","IRO","1","2022-09-20 14:04:18","1","4","20220920_135944.jpg","1"),
("231","710300130073","BANDERITA SEÑALIZADORA 4.30 cm x 2.54 cm APROX x 50 HOJAS COLOR ROSADO NEON","","0","0","0","IRO","1","2022-08-19 11:02:04","1","4","","1"),
("232","710300130137","BANDERITA SEÑALIZADORA 8 mm x 45 mm APROX x 160 HOJAS x 8 COLORES VARIOS","","0","0","0","IRO","1","2022-09-20 13:53:17","1","4","20220920_135214.jpg","1"),
("233","710300050213","ETIQUETA AUTOADHESIVA 7.5 cm x 2.5 cm x 100","","0","0","0","IRO","1","2022-08-19 11:02:04","1","4","","1"),
("234","710300120047","NOTA AUTOADHESIVA 2 in 2 in APROX x 100 HOJAS","","0","0","0","IRO","1","2022-09-20 13:31:02","1","4","20220920_132947.jpg","1"),
("235","503300260037","PABILO N 10 x 1 KG","","0","0","0","IRO","1","2022-10-18 13:54:06","1","4","IMG-20221010-WA0005.jpg","1"),
("236","716000140006","PIZARRA DE CORCHO 1.50 M x 1.20 M","","0","0","0","IRO","1","2022-08-19 11:02:04","1","4","","1"),
("237","317500100272","PUNTERO LASER TIPO LAPICERO","","0","0","0","IRO","1","2022-08-19 11:02:04","1","4","","1"),
("238","716000180015","TINTA PARA ALMOHADILLA DE SELLOS AUTOENTINTABLES x 28 ml AZUL","","0","0","7","IRO","1","2022-09-29 09:34:11","1","4","20220920_124139[1].jpg","1"),
("239","716000180014","TINTA PARA ALMOHADILLA DE SELLOS AUTOENTINTABLES x 28 ml NEGRO","","0","0","29","IRO","1","2022-09-29 09:34:11","1","4","20220920_124044.jpg","1"),
("240","716000180017","TINTA PARA ALMOHADILLA DE SELLOS AUTOENTINTABLES x 28 ml ROJO","","0","0","10","IRO","1","2022-09-29 09:34:11","1","4","20220920_124218[1].jpg","1"),
("241","767400061035","TONER DE IMPRESIÓN PARA HP COD REF 85A CE258A NEGRO HP","","0","0","0","IRO","1","2022-10-18 13:54:49","1","4","IMG-20221010-WA0006.jpg","1"),
("242","717200300132","PAPEL AUTOCOPIATIVO COPIA FINAL CF 55 g DE 21.30 cm x 30.20 cm COLOR ROSADO - 2000","","0","0","0","IRO","1","2022-09-21 10:29:32","4","4","20220921_102449.jpg","1"),
("243","717200300136","PAPEL AUTOCOPIATIVO COPIA FINAL CF 55 g DE 21.30 cm x 30.20 cm COLOR BLANCO - 2000","","0","0","0","IRO","1","2022-09-21 10:29:18","4","4","20220921_102427.jpg","1"),
("244","710600010009","ARCHIVADOR DE CARTON CON PALANCA LOMO ANCHO TAMAÑO MEDIO OFICIO","","0","0","5","IRO","1","2022-09-29 09:34:11","1","4","20220922_121303.jpg","1"),
("245","710600010012","ARCHIVADOR DE CARTON CON PALANCA LOMO ANCHO TAMAÑO OFICIO","","0","0","0","IRO","1","2022-09-22 12:19:34","1","4","20220922_111917.jpg","1"),
("246","646300010007","BANDEJA DE METAL PARA ESCRITORIO DE 3 PISOS","","0","0","0","IRO","1","2022-09-23 08:44:21","1","4","20220922_131449.jpg","1"),
("247","718500140015","BINDER CLIP BILLETERO (CLIP BILLETERO) DE 1 5/8 IN (41 MM)","","0","0","0","IRO","1","2022-09-23 11:37:28","1","4","20220923_112025.jpg","1"),
("248","718500140012","BINDER CLIP BILLETERO (CLIP BILLETERO) DE 1 IN (25 MM)","","0","0","0","IRO","1","2022-09-23 11:38:25","1","4","20220923_112914.jpg","1"),
("249","718500140010","BINDER CLIP BILLETERO (CLIP BILLETERO) DE 2 IN (50 MM)","","0","0","12","IRO","1","2022-09-29 09:34:11","1","4","20220923_112336.jpg","1"),
("250","718500140025","BINDER CLIP BILLETERO (CLIP BILLETERO) DE 3/4 IN (19 MM)","","0","0","0","IRO","1","2022-09-23 11:41:41","1","4","20220923_114002.jpg","1"),
("251","718500060002","CHINCHE CON CABEZA DORADA X 100 ","","0","0","0","IRO","1","2022-09-23 09:00:45","1","4","20220922_140129.jpg","1"),
("252","718500060020","CHINCHE INDICADOR DE MAPA CON CABEZA DE COLORES X 50","","0","0","0","IRO","1","2022-09-23 08:59:51","1","4","20220922_135933.jpg","1"),
("253","710300010004","CINTA ADHESIVA TRANSPARENTE DE 1 IN 72 YD","","0","0","0","IRO","1","2022-09-21 10:47:14","1","4","20220921_104453.jpg","1"),
("254","718500050041","CLIP MARIPOSA DE METAL 45 MM x 50","","0","0","0","IRO","1","2022-09-23 13:05:59","1","4","20220923_120705.jpg","1"),
("255","718500050043","CLIP MARIPOSA DE METAL 65 MM x 12","","0","0","0","IRO","1","2022-09-23 13:09:21","1","4","20220923_122129.jpg","1"),
("256","718500050048","CLIP MARIPOSA DE METAL 72 MM x 12","","0","0","0","IRO","1","2022-09-23 13:10:05","1","4","20220923_122503.jpg","1"),
("257","717200030062","CUADERNO CUADRICULADO TAMAÑO A4 X 200 HOJAS","","0","0","0","IRO","1","2022-10-18 13:59:43","1","4","IMG-20221010-WA0014.jpg","1"),
("258","717200030125","CUADERNO CUADRICULADO TAMAÑO A4 X 92 HOJAS","","0","0","0","IRO","1","2022-10-18 13:59:11","1","4","IMG-20221010-WA0018.jpg","1"),
("259","717200030020","CUADERNO ESPIRAL CUADRICULADO TAMAÑO A4 X 100 HOJAS","","0","0","0","IRO","1","2022-10-18 13:59:26","1","4","IMG-20221010-WA0013.jpg","1"),
("260","715000110005","ENGRAMPADOR GRANDE DE OFICINA (100 HOJAS)","","0","0","0","IRO","1","2022-08-19 11:02:42","1","4","","1"),
("261","715000240003","ESPONJERO DE JEBE REDONDO","","0","0","0","IRO","1","2022-08-19 11:02:42","1","4","","1"),
("262","710600060042","FORRO DE PLASTICO TRANSPARENTE TAMAÑO A4 x 5M","","0","0","0","IRO","1","2022-09-21 10:20:15","1","4","20220921_101429.jpg","1"),
("263","717200140192","LIBRO DE ACTAS EMPASTADO CUADRICULADO TAMAÑo A4 X 50 HOJAS","","0","0","0","IRO","1","2022-08-19 11:02:42","1","4","","1"),
("264","718500110027","LIGA DE JEBE DELGADA N 18 x 1LB - ALLEANZA","","0","0","0","IRO","1","2022-09-23 08:50:37","1","4","20220922_134335.jpg","1"),
("265","710600120106","MICA PORTAPAPELES DE PVC TAMAÑO A4 PQT X 10","PAQUETE POR 10 MICAS","0","0","0","IRO","1","2022-09-23 08:52:19","1","4","20220922_134918.jpg","1"),
("266","715000120035","PERFORADOR DE 2 ESPIGAS PARA 100 HOJAS","","0","0","0","IRO","1","2022-09-23 08:47:03","1","4","20220922_133125.jpg","1"),
("267","715000120003","PERFORADOR DE 2 ESPIGAS PARA 50 HOJAS","","0","0","0","IRO","1","2022-08-19 11:02:42","1","4","","1"),
("268","715000150015","PORTA CLIPS ACRILICO CON IMAN PARA 200 CLIPS","","0","0","0","IRO","1","2022-09-23 08:49:24","1","4","20220922_134027.jpg","1"),
("269","715000140010","PORTA LAPICERO ACRILICO TIPO VASO","","0","0","0","IRO","1","2022-09-23 08:49:42","1","4","20220922_134002.jpg","1"),
("270","715000190014","REGLA DE METAL 30 CM","","0","0","0","IRO","1","2022-08-19 11:02:42","1","4","","1"),
("271","710600100234","SOBRE MANILA TAMAÑO A4","","0","0","0","IRO","1","2022-09-29 13:47:05","1","4","20220929_132503.jpg","1"),
("272","715000210026","TABLERO ACRILICO TAMAÑO OFICIO CON SUJETADOR DE METAL","","0","0","0","IRO","1","2022-09-23 09:01:44","1","4","20220922_140738.jpg","1"),
("273","715000230042","TIJERA DE METAL DE 8 IN CON MANGO DE PLASTICO","","0","0","0","IRO","1","2022-09-21 13:30:10","1","4","20220921_132816.jpg","1"),
("274","716000010022","BOLIGRAFO (LAPICERO) DE TINTA LIQUIDA PUNTA FINA COLOR AZUL","","0","0","0","IRO","1","2022-09-21 10:59:42","1","4","20220921_105805.jpg","1"),
("275","716000010208","BOLIGRAFO (LAPICERO) DE TINTA SECA PUNTA FINA COLOR AZUL","","0","0","0","IRO","1","2022-09-21 11:18:08","1","4","20220921_111113.jpg","1"),
("276","716000010209","BOLIGRAFO (LAPICERO) DE TINTA SECA PUNTA FINA COLOR NEGRO","","0","0","0","IRO","1","2022-09-21 11:18:41","1","4","20220921_111124.jpg","1"),
("277","716000010187","BOLIGRAFO (LAPICERO) DE TINTA SECA PUNTA FINA COLOR ROJO","","0","0","0","IRO","1","2022-09-21 11:19:03","1","4","20220921_111143.jpg","1"),
("278","711100010036","BORRADOR BLANCO PARA LAPIZ TAMAÑO GRANDE","","0","0","0","IRO","1","2022-09-21 13:18:01","1","4","20220921_131615.jpg","1"),
("279","711100010012","BORRADOR PARA LAPIZ RECTANGULAR TAMAÑO GRANDE","","0","0","0","IRO","1","2022-09-21 13:18:27","1","4","20220921_131615.jpg","1"),
("280","716000060428","PLUMON PARA PIZARRA ACRILICA PUNTA GRUESA REDONDA COLOR ROJO","","0","0","0","IRO","1","2022-09-21 11:54:02","1","4","20220921_114637.jpg","1"),
("281","716000060459","RESALTADOR ROSADO","","0","0","0","IRO","1","2022-08-19 11:02:42","1","4","","1"),
("282","717200020107","PAPEL CONTOMETRO TERMICO 13mm x 80 mm x 80 mt","","0","0","0","IRO","1","2022-10-18 13:53:15","1","4","IMG-20221010-WA0004.jpg","1"),
("283","475100040634","SOBRE BLANCO MEMBRETADO TAMAÑO OFICIO","","0","0","500","IRO","1","2022-09-29 09:34:11","1","4","20220920_120439.jpg","1"),
("284","99073","PAPEL CARBON OFICIO L-200 AZUL X 100 HOJAS","-","0","0","2","IRO","1","2022-10-18 13:39:10","1","4","20220927_122808.jpg","1"),
("285","99074","MANGAS PLASTICAS x PAR","-","0","0","89","IRO","1","2022-10-03 09:38:39","1","4","20220927_125131.jpg","1");




CREATE TABLE `req_detalle` (
  `idreq` int(11) NOT NULL,
  `idproducto` int(11) NOT NULL,
  `cantidad` smallint(6) NOT NULL,
  PRIMARY KEY (`idreq`,`idproducto`)
) ENGINE=InnoDB DEFAULT CHARSET=utf8 COLLATE=utf8_spanish_ci;


INSERT INTO req_detalle VALUES
("1","80","20"),
("1","121","20");




CREATE TABLE `requerimiento` (
  `idreq` int(11) NOT NULL AUTO_INCREMENT,
  `codigo` char(6) COLLATE utf8_spanish_ci NOT NULL,
  `fechareg` timestamp NOT NULL DEFAULT current_timestamp() ON UPDATE current_timestamp(),
  `fecha` date NOT NULL,
  `comentario` varchar(250) COLLATE utf8_spanish_ci NOT NULL,
  `idusuario` int(11) NOT NULL,
  `estado` tinyint(4) NOT NULL,
  `idusuario2` int(11) DEFAULT NULL,
  `idarea` int(11) DEFAULT NULL,
  `area` varchar(100) COLLATE utf8_spanish_ci DEFAULT NULL,
  `fechadespacho` timestamp NULL DEFAULT NULL,
  `fechaprocesado` timestamp NULL DEFAULT NULL,
  PRIMARY KEY (`idreq`)
) ENGINE=InnoDB AUTO_INCREMENT=2 DEFAULT CHARSET=utf8 COLLATE=utf8_spanish_ci;


INSERT INTO requerimiento VALUES
("1","ZGWV32","2022-10-19 09:02:37","2022-10-19","probandoo","3","3","","4","UNIDAD DE SEGUROS","","");




CREATE TABLE `salida` (
  `idsalida` int(11) NOT NULL AUTO_INCREMENT,
  `fecha` date NOT NULL,
  `fechareg` timestamp NOT NULL DEFAULT current_timestamp() ON UPDATE current_timestamp(),
  `documento` varchar(11) COLLATE utf8_spanish_ci NOT NULL,
  `idarea` int(11) NOT NULL,
  `comentario` varchar(200) COLLATE utf8_spanish_ci NOT NULL,
  `status` int(11) NOT NULL,
  `idusuario` int(11) NOT NULL,
  PRIMARY KEY (`idsalida`),
  KEY `idarea` (`idarea`),
  KEY `idusuario` (`idusuario`),
  CONSTRAINT `salida_ibfk_1` FOREIGN KEY (`idarea`) REFERENCES `area` (`idarea`),
  CONSTRAINT `salida_ibfk_2` FOREIGN KEY (`idusuario`) REFERENCES `usuario` (`idusuario`)
) ENGINE=InnoDB AUTO_INCREMENT=236 DEFAULT CHARSET=utf8 COLLATE=utf8_spanish_ci;


INSERT INTO salida VALUES
("6","2021-07-09","2022-02-09 10:01:01","CARGO-0001","24","BETSY","1","1"),
("7","2021-07-15","2022-02-09 10:01:01","CARGO-0002","10","LIC AMANDA","1","1"),
("8","2021-07-20","2022-02-09 10:01:01","CARGO-0005","24","LUZ R","1","1"),
("9","2021-07-22","2022-02-09 10:01:01","REP-01-21","25","REPARTO LO REALIZÓ PATY A VARIAS AREAS","1","1"),
("10","2021-07-05","2022-02-09 10:01:01","CARGO-0006","9","-","1","1"),
("11","2021-08-10","2022-02-09 10:01:01","CARGO-0008","24","CRISTHIAN","1","1"),
("12","2021-08-11","2022-02-09 10:01:01","CARGO-0009","25","PATY","1","1"),
("13","2021-08-12","2022-02-09 10:01:01","CARGO-0010","25","PATY","1","1"),
("14","2021-08-13","2022-02-09 10:01:01","CARGO-0011","26","CIRUGIA","1","1"),
("15","2021-08-16","2022-02-09 10:01:01","CARGO-0012","25","PATY","1","1"),
("16","2021-08-17","2022-02-09 10:01:01","CARGO-0013","25","PATY","1","1"),
("17","2021-09-07","2022-02-09 10:01:01","CARGO-0014","24","CRISTHIAN","1","1"),
("18","2021-09-16","2022-02-09 10:01:01","CARGO-0016","24","BETSY","1","1"),
("19","2021-09-27","2022-02-09 10:01:01","CARGO-0017","11","ELEANA - CONSULTA EXTERNA PISO 3","1","1"),
("20","2021-09-27","2022-02-09 10:01:01","CARGO-0018","11","ELEANA","1","1"),
("21","2021-09-27","2022-02-09 10:01:01","CARGO-0019","10","LIC AMANDA","1","1"),
("22","2021-09-29","2022-02-09 10:01:01","CARGO-0021","24","JONY","1","1"),
("23","2021-09-29","2022-02-09 10:01:01","CARGO-0022","27","DANIEL CASTAÑEDA","1","1"),
("24","2021-09-29","2022-02-09 10:01:01","CARGO-0021","24","JONY","1","1"),
("25","2021-09-28","2022-02-09 10:01:01","CARGO-0020","25","SALIO POR SRA MARTHA, EL DIA QUE PROVEEDOR ENTREGO","1","1"),
("26","2021-10-12","2022-02-09 10:01:01","CARGO-0049","3","-","1","1"),
("27","2021-10-15","2022-02-09 10:01:01","CARGO-0050","4","MAYRA","1","1"),
("28","2021-10-18","2022-02-09 10:01:01","CARGO-0051","20","-","1","1"),
("29","2021-10-19","2022-02-09 10:01:01","CARGO-0052","27","SRA FLOR","1","1"),
("30","2021-10-21","2022-02-09 10:01:01","CARGO-0053","3","-","1","1"),
("31","2021-10-28","2022-02-09 10:01:01","CARGO-0023","23","ESTHER VILCA","1","1"),
("32","2021-10-28","2022-02-09 10:01:01","CARGO-0054","24","JONY","1","1"),
("33","2021-11-03","2022-02-09 10:01:01","CARGO-0024","27","-","1","1"),
("34","2021-11-04","2022-02-09 10:01:01","CARGO-0025","24","CRISTHIAN","1","1"),
("35","2021-11-15","2022-02-09 10:01:01","CARGO-0028","10","-","1","1"),
("36","2021-11-15","2022-02-09 10:01:01","CARGO-0029","26","-","1","1"),
("37","2021-11-19","2022-02-09 10:01:01","CARGO-0030","18","ELEANA - RECIBIO ENFERMERIA","1","1"),
("38","2021-11-19","2022-02-09 10:01:01","CARGO-0031","27","-","1","1"),
("39","2021-11-26","2022-02-09 10:01:01","REP-02-21","25","REPARTO DE UTILES 2021 A VARIAS AREAS","1","1"),
("40","2021-11-30","2022-02-09 10:01:01","CARGO-0040","24","LUZ R","1","1"),
("41","2021-12-01","2022-02-09 10:01:01","CARGO-0041","27","SRA FLOR","1","1"),
("42","2021-12-03","2022-02-09 10:01:01","CARGO-0043","26","-","1","1"),
("43","2021-12-07","2022-02-09 10:01:01","CARGO-0046","27","-","1","1"),
("44","2021-12-09","2022-02-09 10:01:01","CARGO-0047","10","LIC AMANDA","1","1"),
("45","2021-12-09","2022-02-09 10:01:01","CARGO-0048","23","-","1","1"),
("46","2021-12-09","2022-02-09 10:01:01","CARGO-0055","4","TRASLADO DE UNIDAD DE SEGUROS","1","1"),
("47","2021-12-14","2022-02-09 10:01:01","CARGO-0056","23","UPE","1","1"),
("48","2021-12-14","2022-02-09 10:01:01","CARGO-0057","24","ATENCION SIS","1","1"),
("49","2021-12-14","2022-02-09 10:01:01","CARGO-0058","11","REPARTO PARA 3ER Y 4TO PISO","1","1"),
("50","2021-12-15","2022-02-09 10:01:01","CARGO-0059","5","ADMIN","1","1"),
("51","2021-12-15","2022-02-09 10:01:01","CARGO-0060","14","LOGISTICA","1","1"),
("52","2021-12-15","2022-02-09 10:01:01","CARGO-0061","3","ENTREGADO POR ROCKY A REF","1","1"),
("53","2021-12-20","2022-02-09 10:01:01","CARGO-0062","27","LLEVARON LOS CHICOS DE FARMACIA","1","1"),
("54","2021-12-23","2022-02-09 10:01:01","CARGO-0064","4","PARA SIS","1","1"),
("55","2021-12-23","2022-02-09 10:01:01","CARGO-0063","12","SERIE PF2P8ET0","1","1"),
("56","2021-12-07","2022-02-09 10:01:01","CARGO-0044","3","-","1","1"),
("57","2021-12-07","2022-02-09 10:01:01","CARGO-0045","19","-","1","1"),
("58","2021-12-28","2022-02-09 10:01:01","CARGO-0065","3","recibido por erik","1","1"),
("59","2022-01-29","2022-02-09 10:01:01","CARGO-0066","4","INFORMADO POR ROCKY","1","1"),
("60","2022-01-06","2022-02-09 10:01:01","CARGO-0067","12","ULTIMOS TONER 83A, UN MOUSE ENTREGADO POR SRA MARTHA","1","1"),
("61","2022-01-10","2022-02-09 10:01:01","CARGO-0068","24","RECOGIDO POR JONY","1","1"),
("62","2022-01-13","2022-02-09 10:01:01","CARGO-0072","5","-","1","1"),
("63","2022-01-13","2022-02-09 10:01:01","CARGO-0073","4","-","1","1"),
("64","2022-01-14","2022-02-09 10:01:01","CARGO-0074","26","-","1","1"),
("65","2022-01-17","2022-02-09 10:01:01","CARGO-0075","11","TONER HP 105A PARA CONSULTA EXERNA","1","1"),
("66","2022-01-17","2022-02-09 10:01:01","CARGO-0076","23","-","1","1"),
("67","2022-01-17","2022-02-09 10:01:01","FOR-01-2022","11","REPARTO DE FORMATOS A ENFERMERIA 01","1","1"),
("68","2022-01-28","2022-02-09 10:01:01","CARGO-0078","24","RECIBIDO POR BETSY","1","1"),
("69","2022-01-28","2022-02-09 10:01:01","CARGO-0079","4","LLEVADO POR LUIS CALDERON","1","1"),
("70","2022-01-28","2022-02-09 10:01:01","CARGO-0080","10","RECIBIDO POR LIC AMANDA","1","1"),
("71","2022-02-07","2022-02-09 10:01:01","CARGO-0081","24","RECIBIDO POR JONY","1","1"),
("72","2022-02-07","2022-02-09 10:01:01","CARGO-0082","23","UPE","1","1"),
("73","2022-02-08","2022-02-09 10:01:01","CARGO-0083","24","RECIBIDO POR JONY","1","1"),
("74","2022-02-08","2022-02-09 10:01:01","CARGO-0084","9","RECIBIDO POR CELI HIDALGO","1","1"),
("75","2022-02-08","2022-02-09 10:01:01","CARGO-0086","4","-","1","1"),
("76","2022-02-08","2022-02-09 10:01:01","CARGO-0085","18","CONSULTA EXTERNA","1","1"),
("77","2022-02-15","2022-02-15 10:38:12","CARGO-0087","3","ENTREGADO A VERONICA","1","1"),
("78","2022-02-17","2022-02-17 08:49:01","CARGO-0090","24","RECIBIDO POR JANETH","1","1"),
("79","2022-02-17","2022-02-17 11:06:54","CARGO-0091","27","ENTREGADO A 2 PERSONAS DE FARMACIA","1","1"),
("80","2022-02-21","2022-02-21 11:40:42","CARGO-0092","3","RECIBIDO POR ERIC","1","1"),
("81","2022-02-22","2022-02-22 12:41:46","CARGO-0093","10","PARA EMERGENCIA","1","1"),
("82","2022-02-25","2022-02-25 14:26:53","CARGO-0094","4","ABASTECIENDO OFICINA","1","1"),
("83","2022-02-28","2022-02-28 09:39:39","CARGO-0095","24","RECIBIDO POR BETSY","1","1"),
("84","2022-03-07","2022-03-14 10:46:02","CARGO-0096","24","-","1","1"),
("85","2022-03-10","2022-03-14 10:47:00","CARGO-0097","24","-","1","1"),
("86","2022-03-11","2022-03-14 10:47:43","CARGO-0098","24","-","1","1"),
("87","2022-03-11","2022-03-14 10:48:14","CARGO-0099","4","-","1","1"),
("88","2022-03-16","2022-03-16 13:24:26","CARGO-0100","12","Adicional 5 cuadernos cuadri, 3 USB 64GB, 20 clips 33mm, 6 gomas en barra, 24 archivadores oficio","1","1"),
("89","2022-03-16","2022-03-16 13:10:48","CARGO-0101","24","RECIBIDO POR JONY","1","1"),
("90","2022-03-16","2022-03-16 13:12:47","CARGO-0102","27","RECIBIDO POR PERSONAL DE FARMACIA","1","1"),
("91","2022-03-21","2022-03-23 10:39:35","CARGO-0103","13","ENTREGADO A LIC LIDIA","1","1"),
("92","2022-03-25","2022-03-25 13:51:31","CARGO-0104","14","RECIBIDO POR OMAR","1","1"),
("93","2022-03-28","2022-03-28 09:27:30","CARGO-0105","24","RECIBIDO POR JONY","1","1"),
("94","2022-03-28","2022-03-28 09:29:50","CARGO-0107","4","ABASTECIENDO OFICINA","1","1"),
("95","2022-03-29","2022-03-30 09:08:38","CARGO-0108","23","ENTREGADO SOLO 19, PORQUE SE DIO DE LA UNIDAD DE SEGUROS","1","1"),
("96","2022-04-01","2022-04-01 14:30:48","CARGO-0110","24","RECIBIDO POR JONY","1","1"),
("97","2022-04-04","2022-04-06 14:14:53","CARGO-0111","3","ENTREGADO POR ROCKY","1","1"),
("98","2022-04-07","2022-04-08 08:38:32","CARGO-0112","3","ENTREGADO A VERONICA","1","1"),
("99","2022-04-18","2022-04-18 12:32:59","CARGO-0113","24","ENTREGADO A JONY","1","1"),
("100","2022-04-18","2022-04-19 13:30:10","CARGO-0114","5","ENTREGADO A DR GABRIEL","1","1"),
("101","2022-04-19","2022-04-19 13:32:51","CARGO-0115","10","ENTREGADO A LIC AMANDA","1","1"),
("102","2022-04-20","2022-04-20 13:22:58","CARGO-0116","3","RECIBIDO POR VERONICA","1","1"),
("103","2022-04-20","2022-04-20 13:25:31","CARGO-0117","28","-","1","1"),
("104","2022-04-26","2022-04-26 14:37:32","CARGO-0118","9","RECIBIDO POR DANIEL - ECONOMÍA","1","1"),
("105","2022-04-29","2022-05-02 09:17:10","CARGO-0119","24","-","1","1");
INSERT INTO salida VALUES
("106","2022-05-04","2022-05-04 14:27:27","CARGO-0120","27","REQUERIDO POR MILAGROS","1","1"),
("107","2022-05-04","2022-05-04 14:28:01","CARGO-0121","4","RECIBIDO POR ANDRES","1","1"),
("108","2022-05-04","2022-05-04 14:28:37","CARGO-0122","4","-","1","1"),
("109","2022-05-10","2022-05-11 11:28:16","CARGO-0123","24","-","1","1"),
("110","2022-05-10","2022-05-11 11:32:07","CARGO-0124","23","-","1","1"),
("111","2022-05-10","2022-05-18 13:29:32","CARGO-0125","4","CAMPAÑA","1","1"),
("112","2022-05-16","2022-05-18 13:28:54","CARGO-0126","24","-","1","1"),
("113","2022-05-17","2022-05-18 13:31:52","CARGO-0128","11","CORNEA GLAUCOMA ","1","1"),
("114","2022-05-25","2022-05-27 14:02:20","CARGO-0129","24","-","1","1"),
("115","2022-05-26","2022-05-27 14:05:13","CARGO-0130","11","RECIBIDO POR ELEANA","1","1"),
("116","2022-05-30","2022-05-30 12:23:58","CARGO-0132","11","RECIBIDO POR ELENA","1","1"),
("117","2022-05-30","2022-05-30 12:25:16","CARGO-0133","4","PARA DR ALEX","1","1"),
("118","2022-05-30","2022-05-30 12:25:48","CARGO-0134","4","PARA ANDRES","1","1"),
("119","2022-05-30","2022-05-30 12:26:28","CARGO-0135","4","PARA ROCKY","1","1"),
("120","2022-05-30","2022-05-31 11:53:12","CARGO-0136","24","PARA BETSY","1","1"),
("121","2022-05-30","2022-05-30 12:27:30","CARGO-0137","4","PARA PATY","1","1"),
("122","2022-05-30","2022-05-30 14:36:15","CARGO-0138","4","PARA SRA MARTHA","1","1"),
("123","2022-05-31","2022-06-01 13:16:37","CARGO-0139","3","TECLADO PARA ERIC","1","1"),
("124","2022-06-01","2022-06-01 14:39:45","CARGO-0140","24","-","1","1"),
("125","2022-06-01","2022-06-01 14:41:38","CARGO-0141","25","DRA MAURA","1","1"),
("126","2022-06-01","2022-06-01 14:42:13","CARGO-0142","25","DRA CARMEN","1","1"),
("127","2022-06-01","2022-06-01 14:42:44","CARGO-0143","4","ANDRES","1","1"),
("128","2022-06-03","2022-06-03 12:06:35","CARGO-0144","27","-","1","1"),
("129","2022-06-07","2022-06-07 14:32:22","CARGO-0145","24","-","1","1"),
("130","2022-06-07","2022-06-07 14:32:55","CARGO-0146","13","-","1","1"),
("131","2022-06-07","2022-06-07 14:33:26","CARGO-0147","11","-","1","1"),
("132","2022-06-07","2022-06-07 14:34:02","CARGO-0148","25","PRESTADO A ROBERTO","1","1"),
("133","2022-06-07","2022-06-07 14:34:35","CARGO-0149","4","PARA MARK","1","1"),
("134","2022-06-07","2022-06-07 14:35:16","CARGO-0150","4","PARA ANDRES","1","1"),
("135","2022-06-08","2022-06-08 14:15:13","CARGO-0151","25","PARA DRA PAMELA","1","1"),
("136","2022-06-10","2022-06-13 08:56:12","CARGO-0152","3","-","1","1"),
("137","2022-06-11","2022-06-13 08:57:19","CARGO-0153","4","SACADO POR ANDRES","1","1"),
("138","2022-06-14","2022-06-15 09:09:46","CARGO-0154","24","PAPEL LO LLEVO BETSY","1","1"),
("139","2022-06-15","2022-06-15 09:12:49","CARGO-0155","4","PARA PATY","1","1"),
("140","2022-06-15","2022-06-15 12:26:40","CARGO-0156","4","PARA ANDRES","1","1"),
("141","2022-06-15","2022-06-15 13:41:13","CARGO-0157","24","CORRECOT Y TAMPON PARA JONY, CINTA EPSON GIULIANA","1","1"),
("142","2022-06-16","2022-06-16 11:14:49","CARGO-0158","24","FUAS RECIBIDO POR JONY, PAPEL BOND DESPACHO PATY","1","1"),
("143","2022-06-17","2022-06-17 08:28:43","CARGO-0159","4","PARA MARK, ENTREGADO POR ANDRES","1","1"),
("144","2022-06-17","2022-06-17 08:29:10","CARGO-0160","4","PARA DR ALEX, ENTREGADO POR ANDRES","1","1"),
("145","2022-06-20","2022-06-20 14:19:51","CARGO-0161","9","DESPACHADO POR ANDRES","1","1"),
("146","2022-06-21","2022-06-21 14:26:33","CARGO-0162","24","RESALTOR Y TONER LO LLEVO MILADY","1","1"),
("147","2022-06-21","2022-06-21 13:06:18","CARGO-0163","3","RECIBIDO POR ERIC","1","1"),
("148","2022-06-22","2022-06-22 14:20:39","CARGO-0164","4","PARA MARIA","1","1"),
("149","2022-06-23","2022-06-23 13:00:52","CARGO-0165","24","RECIBIDO POR JANET","1","1"),
("150","2022-06-23","2022-06-23 13:01:12","CARGO-0166","4","RECIBIDO POR PATY","1","1"),
("151","2022-06-23","2022-06-24 08:35:56","CARGO-0167","24","RECIBIDO POR GIULIANA","1","1"),
("152","2022-06-27","2022-06-27 13:00:26","CARGO-0168","24","RECIBIDO POR BETSY","1","1"),
("153","2022-06-30","2022-06-30 09:13:03","CARGO-0169","24","RECIBIDO POR BETSY","1","1"),
("154","2022-06-30","2022-06-30 09:13:27","CARGO-0170","3","RECIBIDO POR ERIC","1","1"),
("155","2022-07-27","2022-08-19 12:28:01","CARGO-0171","24","AJUSTE STOCK","1","1"),
("156","2022-08-01","2022-08-19 12:29:02","CARGO-0172","27","AJUSTE STOCK","1","1"),
("157","2022-08-04","2022-08-19 12:30:35","CARGO-0174","23","-","1","1"),
("158","2022-08-04","2022-08-19 13:22:32","CARGO-0175","23","REPARTO UTILES 2022","1","1"),
("159","2022-07-22","2022-08-19 13:36:58","UTI-1-2022","10","REPARTO UTILES 2022","1","1"),
("160","2022-08-08","2022-08-19 13:43:28","UTI-1-2022","18","REPARTO UTILES 2022 - OG Y REFRACCION","1","1"),
("161","2022-08-08","2022-08-19 13:48:02","UTI-1-2022","25","REPARTO UTILES 2022 - PROGRAMACION Y CONSEJERIA","1","1"),
("162","2022-08-08","2022-08-19 13:51:52","UTI-1-2022","13","REPARTO UTILES 2022","1","1"),
("163","2022-08-08","2022-08-19 13:58:13","UTI-1-2022","6","REPARTO UTILES 2022 - ENF EXTERNAS Y CORNEA","1","1"),
("164","2022-08-08","2022-08-19 14:00:28","UTI-1-2022","25","REPARTO UTILES 2022 - NEURO","1","1"),
("165","2022-08-09","2022-08-19 14:09:33","CARGO-0176","4","DR ALEX","1","1"),
("166","2022-08-09","2022-08-19 14:10:15","CARGO-0177","4","SRA MARTHA","1","1"),
("167","2022-08-09","2022-08-19 14:11:00","CARGO-0178","24","-","1","1"),
("168","2022-08-09","2022-08-19 14:13:18","CARGO-0179","4","ANDRES","1","1"),
("169","2022-08-10","2022-08-19 14:13:57","CARGO-0180","4","-","1","1"),
("170","2022-08-11","2022-08-19 14:14:50","CARGO-0181","23","-","1","1"),
("171","2022-08-11","2022-08-19 14:15:32","CARGO-0182","4","-","1","1"),
("172","2022-08-11","2022-08-19 14:17:29","CARGO-0183","24","-","1","1"),
("173","2022-08-12","2022-08-19 14:20:16","CARGO-0184","12","LIC CUADROS","1","1"),
("174","2022-08-15","2022-08-19 14:21:02","CARGO-0185","4","ANDRES","1","1"),
("175","2022-08-15","2022-08-19 14:21:54","CARGO-0186","20","-","1","1"),
("176","2022-08-17","2022-08-19 14:22:47","CARGO-0187","24","-","1","1"),
("177","2022-08-17","2022-08-19 14:23:31","CARGO-0188","4","-","1","1"),
("178","2022-08-24","2022-08-24 09:10:24","CARGO-0189","24","RECIBIO JONY","1","1"),
("179","2022-08-31","2022-08-31 13:30:36","CARGO-0190","4","ABASTECIENDO OFICINA","1","1"),
("180","2022-08-31","2022-08-31 13:31:59","CARGO-0191","12","DESPACHADO POR PATY","1","1"),
("181","2022-08-31","2022-08-31 13:34:03","CARGO-0192","24","DESPACHADO POR PATY, 1 HUELLERO POR ANDRES","1","1"),
("182","2022-08-31","2022-08-31 13:34:54","CARGO-0193","4","PARA ANDRES","1","1"),
("183","2022-09-01","2022-09-01 11:03:19","CARGO-0194","9","DESPACHADO POR ANDRES","1","1"),
("184","2022-09-02","2022-09-02 12:41:41","CARGO-0195","4","PARA ANDRES","1","1"),
("185","2022-09-02","2022-09-02 14:28:14","CARGO-0196","4","PARA EDITH","1","1"),
("186","2022-09-05","2022-09-05 10:39:31","CARGO-0197","24","-","1","1"),
("187","2022-09-05","2022-09-05 10:40:11","CARGO-0198","4","-","1","1"),
("188","2022-09-07","2022-09-07 08:53:31","CARGO-0199","11","-","1","1"),
("189","2022-09-07","2022-09-07 13:49:13","CARGO-0200","4","PARA SRA MARTHA - CAMPAÑA","1","1"),
("190","2022-09-08","2022-09-09 14:28:12","CARGO-0201","24","-","1","1"),
("191","2022-09-08","2022-09-09 14:28:46","CARGO-0202","27","-","1","1"),
("192","2022-09-08","2022-09-09 14:29:19","CARGO-0203","4","PARA ANDRES","1","1"),
("193","2022-09-09","2022-09-09 14:30:00","CARGO-0204","27","-","1","1"),
("194","2022-09-09","2022-09-12 08:16:13","CARGO-0205","24","RECIBIO JONY","1","1"),
("195","2022-09-12","2022-09-12 12:53:14","CARGO-0206","4","PARA MARK","1","1"),
("196","2022-09-13","2022-09-14 08:39:57","CARGO-0207","4","PARA ANDRES","1","1"),
("197","2022-09-15","2022-09-15 10:22:10","CARGO-0208","24","SE TERMINO FORMATO MAS ANTIGUO","1","1"),
("198","2022-09-16","2022-09-19 09:21:02","CARGO-0209","24","DESPACHADO POR PATY","1","1"),
("199","2022-09-16","2022-09-19 09:44:30","CARGO-0210","27","DESPACHADO POR PATY","1","1"),
("200","2022-09-16","2022-09-19 09:45:35","CARGO-0211","4","DESPACHADO POR PATY","1","1"),
("201","2022-09-17","2022-09-19 09:46:48","CARGO-0212","24","DESPACHADO POR ANDRES","1","1"),
("202","2022-09-19","2022-09-20 10:46:57","CARGO-0213","24","-","1","1"),
("203","2022-09-19","2022-09-20 10:47:39","CARGO-0214","24","DESPACHADO POR ANDRES","1","1"),
("204","2022-09-20","2022-09-20 10:48:23","CARGO-0215","24","RECIBIDO POR ROCKY","1","1"),
("205","2022-09-20","2022-09-20 10:49:06","CARGO-0216","3","DESPACHADO POR ANDRES","1","1");
INSERT INTO salida VALUES
("206","2022-09-21","2022-09-22 08:10:48","CARGO-0217","26","-","1","1"),
("207","2022-09-21","2022-09-22 08:11:35","CARGO-0218","3","-","1","1"),
("208","2022-09-22","2022-09-23 08:35:23","CARGO-0219","4","DESPACHADO POR ANDRES - PARA JOSE LUIS","1","1"),
("209","2022-09-22","2022-09-23 08:36:09","CARGO-0220","4","DESPACHADO POR ANDRES - PARA ZAIRA","1","1"),
("210","2022-09-26","2022-09-26 13:02:17","CARGO-0221","5","DESPACHADO POR PATY","1","1"),
("211","2022-09-28","2022-09-28 13:10:17","CARGO-0222","4","DESPACHADO POR PATY - PARA EDITH","1","1"),
("212","2022-09-28","2022-09-28 13:11:10","CARGO-0223","3","-","1","1"),
("213","2022-09-29","2022-09-29 11:42:41","STO-01-2022","25","AJUSTE STOCK AL 29/09/2022","1","1"),
("214","2022-09-29","2022-09-30 08:40:34","CARGO-0224","24","DESPACHADO POR MARK - PARA MYLEYDI","1","1"),
("215","2022-09-30","2022-09-30 12:11:10","CARGO-0225","24","-","1","1"),
("216","2022-09-30","2022-10-03 09:37:05","CARGO-0226","4","PARA ANDRES","1","1"),
("217","2022-10-01","2022-10-03 09:37:54","CARGO-0227","24","DESPACHADO POR ANDRES","1","1"),
("218","2022-10-03","2022-10-03 14:08:00","CARGO-0228","23","-","1","1"),
("219","2022-10-05","2022-10-05 13:06:34","CARGO-0229","4","PARA ROTULAR - LUIS CALDERON","1","1"),
("220","2022-10-06","2022-10-06 13:53:07","CARGO-0230","4","PARA ANDRES","1","1"),
("221","2022-10-06","2022-10-06 14:39:59","CARGO-0231","24","DESPACHADO POR ANDRES - LLEVO BETSY","1","1"),
("222","2022-10-07","2022-10-07 14:25:03","CARGO-0232","24","DESPACHADO POR MARK - PARA ALEXANDRA","1","1"),
("223","2022-10-10","2022-10-10 10:05:17","CARGO-0233","4","PARA OFICINA","1","1"),
("224","2022-10-10","2022-10-10 10:13:14","CARGO-0234","30","PARA ANA PATRICIA NUÑEZ MONTES DE OCA","1","1"),
("225","2022-10-10","2022-10-11 08:33:43","CARGO-0235","24","-","1","1"),
("226","2022-10-10","2022-10-11 08:34:07","CARGO-0236","4","-","1","1"),
("227","2022-10-13","2022-10-17 11:31:06","CARGO-0237","9","-","1","1"),
("228","2022-10-13","2022-10-17 11:32:03","CARGO-0238","24","DESPACHADO POR MARK","1","1"),
("229","2022-10-14","2022-10-17 11:33:05","CARGO-0239","14","-","1","1"),
("230","2022-10-17","2022-10-17 11:33:42","CARGO-0240","4","PARA SRA MARTHA","1","1"),
("231","2022-10-17","2022-10-18 13:32:15","CARGO-0241","3","RECIBIDO POR VERONICA","1","1"),
("232","2022-10-18","2022-10-18 13:34:26","CARGO-0242","3","RECIBIDO POR VERONICA","1","1"),
("233","2022-10-18","2022-10-18 13:36:11","CARGO-0243","3","RECIBIDO POR VERONICA","1","1"),
("234","2022-10-19","2022-10-19 08:47:27","CARGO-0244","24","-","1","1"),
("235","2022-10-19","2022-10-19 14:21:59","CARGO-0245","4","PARA ANDRES","1","1");




CREATE TABLE `tipousuario` (
  `idtipousu` int(11) NOT NULL AUTO_INCREMENT,
  `tipo` varchar(20) COLLATE utf8_spanish_ci NOT NULL,
  `status` int(11) NOT NULL,
  PRIMARY KEY (`idtipousu`)
) ENGINE=InnoDB AUTO_INCREMENT=5 DEFAULT CHARSET=utf8 COLLATE=utf8_spanish_ci;


INSERT INTO tipousuario VALUES
("1","admin","1"),
("2","asistente","1"),
("3","area","1");




CREATE TABLE `unidadm` (
  `idum` int(11) NOT NULL AUTO_INCREMENT,
  `um` char(4) COLLATE utf8_spanish_ci NOT NULL,
  PRIMARY KEY (`idum`)
) ENGINE=InnoDB AUTO_INCREMENT=6 DEFAULT CHARSET=utf8 COLLATE=utf8_spanish_ci;


INSERT INTO unidadm VALUES
("1","UND"),
("3","CIEN"),
("4","MILL"),
("5","PQT");




CREATE TABLE `usuario` (
  `idusuario` int(11) NOT NULL AUTO_INCREMENT,
  `usuario` varchar(30) COLLATE utf8_spanish_ci NOT NULL,
  `password` varchar(80) COLLATE utf8_spanish_ci NOT NULL,
  `nombres` varchar(100) COLLATE utf8_spanish_ci NOT NULL,
  `dni` char(8) COLLATE utf8_spanish_ci NOT NULL,
  `lastlogin` timestamp NOT NULL DEFAULT current_timestamp() ON UPDATE current_timestamp(),
  `status` int(11) NOT NULL,
  `idtipousu` int(11) NOT NULL,
  `idarea` int(11) DEFAULT NULL,
  PRIMARY KEY (`idusuario`),
  KEY `idtipousu` (`idtipousu`),
  CONSTRAINT `usuario_ibfk_1` FOREIGN KEY (`idtipousu`) REFERENCES `tipousuario` (`idtipousu`)
) ENGINE=InnoDB AUTO_INCREMENT=6 DEFAULT CHARSET=utf8 COLLATE=utf8_spanish_ci;


INSERT INTO usuario VALUES
("1","lcalderons","$2a$07$asxx54ahjppf45sd87a5aunxs9bkpyGmGE/.vekdjFg83yRec789S","Luis Calderón Sánchez","45487229","2022-03-01 08:39:29","1","1",""),
("3","Juanito","$2a$07$asxx54ahjppf45sd87a5aumUskocpQucMnvwsUt.aC6WLWGcLNcY6","Juan Perez","14785236","2022-10-19 08:49:05","1","3","4");




/*!40101 SET CHARACTER_SET_CLIENT=@OLD_CHARACTER_SET_CLIENT */;
/*!40101 SET CHARACTER_SET_RESULTS=@OLD_CHARACTER_SET_RESULTS */;
/*!40101 SET COLLATION_CONNECTION=@OLD_COLLATION_CONNECTION */;