SET SQL_MODE = "NO_AUTO_VALUE_ON_ZERO";
SET time_zone = "+00:00";


/*!40101 SET @OLD_CHARACTER_SET_CLIENT=@@CHARACTER_SET_CLIENT */;
/*!40101 SET @OLD_CHARACTER_SET_RESULTS=@@CHARACTER_SET_RESULTS */;
/*!40101 SET @OLD_COLLATION_CONNECTION=@@COLLATION_CONNECTION */;
/*!40101 SET NAMES utf8 */;
--
-- Database: `almexterno`
--




CREATE TABLE `area` (
  `idarea` int(11) NOT NULL AUTO_INCREMENT,
  `area` varchar(100) COLLATE utf8_spanish_ci NOT NULL,
  `nombres` varchar(50) COLLATE utf8_spanish_ci DEFAULT NULL,
  `apellidos` varchar(50) COLLATE utf8_spanish_ci DEFAULT NULL,
  `dni` int(11) DEFAULT NULL,
  `status` int(11) NOT NULL,
  PRIMARY KEY (`idarea`)
) ENGINE=InnoDB AUTO_INCREMENT=28 DEFAULT CHARSET=utf8 COLLATE=utf8_spanish_ci;


INSERT INTO area VALUES
("3","REFERENCIA","Veronica","-","12345678","1"),
("4","UNIDAD DE SEGUROS","Alex","Roalcaba Horna","14789632","1"),
("5","ADMINISTRACION","-","-","11111111","1"),
("6","CORNEA","-","-","11111111","1"),
("7","DIRECCION","-","-","11111111","1"),
("8","DOCENCIA","-","-","11111111","1"),
("9","ECONOMIA","-","-","11111111","1"),
("10","EMERGENCIA","-","-","11111111","1"),
("11","ENFERMERIA","-","-","11111111","1"),
("12","ESTADISTICA","-","-","11111111","1"),
("13","GLAUCOMA","-","-","11111111","1"),
("14","LOGISTICA","-","-","11111111","1"),
("15","MANTENIMIENTO","-","-","11111111","1"),
("16","OCULOPLASTICA","-","-","11111111","1"),
("17","OFTALMOPEDIATRIA","-","-","11111111","1"),
("18","OG","-","-","11111111","1"),
("19","PLANEAMIENTO","-","-","11111111","1"),
("20","RR.HH.","-","-","11111111","1"),
("21","SERV. SOCIAL","-","-","11111111","1"),
("22","TIC","-","-","11111111","1"),
("23","UPE","-","-","11111111","1"),
("24","ATENCION SIS","-","-","11111111","1"),
("25","OTRAS","-","-","0","1"),
("26","SOP","MILY","CABEL","11111111","1"),
("27","FARMACIA","-","-","11111111","1");




CREATE TABLE `categoria` (
  `idcategoria` int(11) NOT NULL AUTO_INCREMENT,
  `categoria` varchar(30) COLLATE utf8_spanish_ci NOT NULL,
  PRIMARY KEY (`idcategoria`)
) ENGINE=InnoDB AUTO_INCREMENT=5 DEFAULT CHARSET=utf8 COLLATE=utf8_spanish_ci;


INSERT INTO categoria VALUES
("1","OTROS"),
("2","FORMATERIA"),
("4","UTILES DE ESCRITORIO");




CREATE TABLE `detalle_entrada` (
  `idproducto` int(11) NOT NULL,
  `identrada` int(11) NOT NULL,
  `cantidad` int(11) NOT NULL,
  PRIMARY KEY (`idproducto`,`identrada`),
  KEY `detalle_entrada_ibfk_2` (`identrada`),
  CONSTRAINT `detalle_entrada_ibfk_1` FOREIGN KEY (`idproducto`) REFERENCES `producto` (`idproducto`),
  CONSTRAINT `detalle_entrada_ibfk_2` FOREIGN KEY (`identrada`) REFERENCES `entrada` (`identrada`),
  CONSTRAINT `detalle_entrada_ibfk_3` FOREIGN KEY (`idproducto`) REFERENCES `producto` (`idproducto`)
) ENGINE=InnoDB DEFAULT CHARSET=utf8 COLLATE=utf8_spanish_ci;


INSERT INTO detalle_entrada VALUES
("2","8","50"),
("5","9","70"),
("6","7","200"),
("6","9","10"),
("6","14","100"),
("6","29","70"),
("6","30","70"),
("6","31","100"),
("7","9","20"),
("73","6","288"),
("74","10","6"),
("75","10","6"),
("76","10","6"),
("77","11","4"),
("78","11","11"),
("78","21","6"),
("79","12","15"),
("80","13","600"),
("81","13","19"),
("82","13","200"),
("84","15","24"),
("85","16","12"),
("86","17","30"),
("87","18","2"),
("88","19","30"),
("89","20","12"),
("90","22","10"),
("91","23","100"),
("92","23","250"),
("93","23","15"),
("94","23","140"),
("95","23","120"),
("96","23","150"),
("97","23","10"),
("98","23","50"),
("99","23","25"),
("100","23","8"),
("101","23","700"),
("102","23","5"),
("103","24","1000"),
("104","24","150"),
("105","24","10"),
("106","24","10"),
("107","24","1000"),
("108","24","10"),
("109","24","10"),
("110","25","50"),
("111","26","60"),
("112","26","500"),
("113","26","30"),
("114","27","10"),
("115","27","5000"),
("116","27","10"),
("117","27","10"),
("118","27","5"),
("119","28","10");




CREATE TABLE `detalle_salida` (
  `idproducto` int(11) NOT NULL,
  `idsalida` int(11) NOT NULL,
  `cantidad` int(11) NOT NULL,
  PRIMARY KEY (`idproducto`,`idsalida`)
) ENGINE=InnoDB DEFAULT CHARSET=utf8 COLLATE=utf8_spanish_ci;


INSERT INTO detalle_salida VALUES
("2","13","12"),
("2","39","20"),
("6","10","30"),
("6","15","40"),
("6","16","50"),
("6","26","1"),
("6","29","30"),
("6","30","1"),
("6","39","58"),
("6","45","6"),
("6","46","19"),
("6","47","14"),
("6","50","8"),
("6","51","12"),
("6","62","10"),
("6","63","3"),
("6","69","7"),
("6","72","10"),
("6","74","10"),
("6","75","10"),
("6","77","1"),
("6","82","6"),
("6","87","10"),
("6","88","8"),
("6","90","20"),
("6","92","40"),
("6","94","10"),
("6","95","19"),
("6","98","1"),
("7","39","3"),
("8","9","60"),
("8","67","190"),
("9","24","8"),
("9","34","6"),
("9","40","8"),
("9","61","4"),
("9","68","4"),
("9","71","4"),
("9","78","8"),
("9","89","8"),
("10","17","10"),
("10","18","12"),
("10","22","30"),
("10","32","8"),
("10","34","30"),
("10","40","30"),
("10","48","30"),
("10","61","30"),
("10","73","10"),
("10","78","15"),
("10","83","16"),
("10","84","6"),
("10","85","10"),
("10","86","5"),
("10","89","19"),
("10","93","15"),
("10","96","10"),
("11","6","13"),
("11","23","30"),
("11","38","10"),
("11","43","10"),
("11","44","5"),
("11","53","30"),
("11","79","50"),
("13","8","15"),
("13","11","12"),
("13","35","1"),
("13","53","10"),
("16","42","10"),
("18","12","11"),
("18","58","4"),
("21","9","20"),
("22","67","15"),
("23","14","20"),
("24","66","2500"),
("25","67","30"),
("26","9","15"),
("26","19","50"),
("26","20","15"),
("27","67","52"),
("28","67","10"),
("29","67","12"),
("31","67","25"),
("33","9","35"),
("33","67","48"),
("40","67","20"),
("41","67","30"),
("47","9","5"),
("47","67","18"),
("48","7","20"),
("48","9","110"),
("48","19","100"),
("48","21","20"),
("48","37","50"),
("48","64","30"),
("48","70","100"),
("48","91","10"),
("51","9","15"),
("53","9","20"),
("54","9","10");
INSERT INTO detalle_salida VALUES
("55","67","12"),
("59","9","85"),
("59","21","20"),
("59","37","50"),
("59","76","50"),
("59","81","15"),
("59","91","10"),
("61","26","60"),
("61","44","5"),
("61","58","4"),
("63","9","15"),
("64","36","5"),
("65","9","5"),
("65","67","60"),
("67","9","20"),
("67","91","5"),
("73","15","24"),
("73","27","3"),
("73","29","6"),
("73","39","3"),
("74","28","6"),
("75","28","6"),
("76","28","6"),
("77","39","1"),
("77","88","3"),
("78","31","1"),
("78","33","1"),
("78","39","5"),
("78","41","1"),
("78","60","3"),
("78","65","6"),
("79","39","1"),
("80","44","2"),
("81","25","1"),
("82","25","200"),
("84","49","2"),
("84","65","11"),
("84","88","1"),
("85","52","2"),
("85","80","1"),
("85","97","1"),
("86","54","2"),
("86","59","2"),
("86","60","1"),
("87","55","1"),
("88","59","1"),
("89","56","1"),
("89","57","6"),
("89","98","1"),
("90","65","10"),
("92","67","250"),
("93","67","15"),
("94","67","140"),
("95","67","120"),
("96","67","150"),
("97","67","10"),
("98","67","50"),
("99","67","25"),
("100","67","8"),
("101","67","700"),
("102","67","5"),
("103","67","1000"),
("104","67","150"),
("105","67","10"),
("106","67","10"),
("107","67","1000"),
("108","67","10"),
("109","67","10"),
("110","67","50"),
("111","67","60"),
("112","67","500"),
("113","67","30"),
("114","67","10"),
("116","67","10"),
("117","67","10"),
("118","67","5");




CREATE TABLE `entrada` (
  `identrada` int(11) NOT NULL AUTO_INCREMENT,
  `fecha` date NOT NULL,
  `fechareg` timestamp NOT NULL DEFAULT current_timestamp() ON UPDATE current_timestamp(),
  `documento` varchar(10) COLLATE utf8_spanish_ci NOT NULL,
  `comentario` varchar(200) COLLATE utf8_spanish_ci NOT NULL,
  `status` int(11) NOT NULL,
  `idusuario` int(11) NOT NULL,
  PRIMARY KEY (`identrada`),
  KEY `idusuario` (`idusuario`),
  CONSTRAINT `entrada_ibfk_1` FOREIGN KEY (`idusuario`) REFERENCES `usuario` (`idusuario`)
) ENGINE=InnoDB AUTO_INCREMENT=32 DEFAULT CHARSET=utf8 COLLATE=utf8_spanish_ci;


INSERT INTO entrada VALUES
("6","2021-07-16","2022-02-09 10:00:00","CARGO-0004","ENTREGADO POR PATY","1","1"),
("7","2021-08-03","2022-02-09 10:00:00","-","ENTREGADO POR PROVEEDOR","1","1"),
("8","2021-08-06","2022-02-09 10:00:00","-","ENTREGADO POR ROBERTO","1","1"),
("9","2021-08-10","2022-02-09 10:00:00","-","ENTREGADO POR ROBERTO Y PATY","1","1"),
("10","2021-08-23","2022-02-09 10:00:00","-","ENTREGADO POR ROBERTO","1","1"),
("11","2021-09-01","2022-02-09 10:00:00","-","ENTREGADO POR ROBERTO","1","1"),
("12","2021-09-08","2022-02-09 10:00:00","-","ENTREGADO POR ROBERTO","1","1"),
("13","2021-09-28","2022-02-09 10:00:00","-","ENTREGADO POR PROVEEDOR","1","1"),
("14","2021-12-06","2022-02-09 10:00:00","-","TRASLADO DE ALMACEN ROBERTO 3ER PISO","1","1"),
("15","2021-12-14","2022-02-09 10:00:00","OC/418","DESDE ALM ROBERTO","1","1"),
("16","2021-12-15","2022-02-09 10:00:00","OC/419","DESDE ALM ROBERTO","1","1"),
("17","2021-12-23","2022-02-09 10:00:00","OC/442","RECIBIDO POR ROCKY","1","1"),
("18","2021-12-23","2022-02-09 10:00:00","OC/407","RECIBIDO POR ROCKY","1","1"),
("19","2021-12-23","2022-02-09 10:00:00","OC/441","RECIBIDO POR ROCKY","1","1"),
("20","2021-12-07","2022-02-09 10:00:00","OC/388","DESDE ALM ROBERTO","1","1"),
("21","2022-01-23","2022-02-09 10:00:00","OC/431","RECIBIDO POR ROCKY - PARA ENFERMERIA","1","1"),
("22","2022-01-23","2022-02-09 10:00:00","OC/433","RECIBIDO POR ROCKY - PARA ENFERMERIA","1","1"),
("23","2021-12-31","2022-02-09 10:00:00","OS/615","GR/390 - PRIMERA ENTREGA","1","1"),
("24","2021-12-31","2022-02-09 10:00:00","OS/615","GR/391 - PRIMERA ENTREGA","1","1"),
("25","2021-12-31","2022-02-09 10:00:00","OS/615","GR/392 - PRIMERA ENTREGA","1","1"),
("26","2022-01-07","2022-02-09 10:00:00","OS/615","GR/390 - SEGUNDA ENTREGA","1","1"),
("27","2022-01-07","2022-02-09 10:00:00","OS/615","GR/391 - SEGUNDA ENTREGA","1","1"),
("28","2022-01-07","2022-02-09 10:00:00","OS/615","GR/392 - SEGUNDA ENTREGA","1","1"),
("29","2022-01-28","2022-02-09 10:00:00","-","TRASLADO DE ALMACEN ROBERTO 3ER PISO","1","1"),
("30","2022-03-18","2022-03-18 11:33:51","-","TRASLADO DE ALMACEN ROBERTO 3ER PISO","1","1"),
("31","2022-04-01","2022-04-11 08:43:27","-","TRASLADO DE ALMACEN ROBERTO 3ER PISO","1","1");




CREATE TABLE `menu` (
  `idmenu` int(11) NOT NULL AUTO_INCREMENT,
  `menupadre` int(11) DEFAULT NULL,
  `nombre` varchar(30) COLLATE utf8_spanish_ci NOT NULL,
  `link` varchar(30) COLLATE utf8_spanish_ci DEFAULT NULL,
  `icono` varchar(30) COLLATE utf8_spanish_ci NOT NULL,
  `tipo` tinyint(4) NOT NULL,
  `activo` tinyint(4) NOT NULL,
  `orden` tinyint(4) DEFAULT NULL,
  PRIMARY KEY (`idmenu`)
) ENGINE=InnoDB AUTO_INCREMENT=15 DEFAULT CHARSET=utf8 COLLATE=utf8_spanish_ci;


INSERT INTO menu VALUES
("1","","Dashboard","base_url()","fa-tachometer-alt","1","1","1"),
("2","","Productos","","fa-box-open","2","1","2"),
("3","2","Categorías","categorias","fa-check-circle","3","1","1"),
("4","2","Unidad de Medida","umedida","fa-check-circle","3","1","2"),
("5","2","Producto","productos","fa-check-circle","3","1","3"),
("6","2","Kardex","kardex","fa-check-circle","3","1","4"),
("7","","Entradas","","fa-sign-in-alt","2","1","3"),
("8","7","Entrada","entradas","fa-check-circle","3","1","1"),
("9","","Salidas","","fa-sign-out-alt","2","1","4"),
("10","9","Salida","salidas","fa-check-circle","3","1","1"),
("11","9","Areas","areas","fa-check-circle","3","1","2"),
("12","","Config","","fa-sign-out-alt","2","1","5"),
("13","12","Usuarios","usuarios","fa-check-circle","3","1","1"),
("14","12","Menu","menu","fa-check-circle","3","1","2");




CREATE TABLE `producto` (
  `idproducto` int(11) NOT NULL AUTO_INCREMENT,
  `codigo` bigint(11) NOT NULL,
  `nombre` varchar(200) COLLATE utf8_spanish_ci NOT NULL,
  `descripcion` text COLLATE utf8_spanish_ci DEFAULT NULL,
  `min` int(11) DEFAULT 0,
  `max` int(11) DEFAULT 0,
  `stock` int(11) NOT NULL DEFAULT 0,
  `ubicacion` varchar(30) COLLATE utf8_spanish_ci DEFAULT NULL,
  `status` int(11) NOT NULL,
  `fechareg` timestamp NOT NULL DEFAULT current_timestamp() ON UPDATE current_timestamp(),
  `idum` int(11) NOT NULL,
  `idcategoria` int(11) NOT NULL,
  `img` varchar(200) COLLATE utf8_spanish_ci DEFAULT NULL,
  `idusuario` int(11) NOT NULL,
  PRIMARY KEY (`idproducto`),
  KEY `idum` (`idum`),
  KEY `idcategoria` (`idcategoria`),
  KEY `idusuario` (`idusuario`),
  CONSTRAINT `producto_ibfk_1` FOREIGN KEY (`idum`) REFERENCES `unidadm` (`idum`),
  CONSTRAINT `producto_ibfk_2` FOREIGN KEY (`idcategoria`) REFERENCES `categoria` (`idcategoria`),
  CONSTRAINT `producto_ibfk_3` FOREIGN KEY (`idusuario`) REFERENCES `usuario` (`idusuario`)
) ENGINE=InnoDB AUTO_INCREMENT=121 DEFAULT CHARSET=utf8 COLLATE=utf8_spanish_ci;


INSERT INTO producto VALUES
("1","475100040819","SOBRE BLANCO MEMBRETADO 90 g TAMAÑO A4","","0","0","0","0","1","2022-02-09 09:25:23","3","4","","1"),
("2","717200330039","PAPEL BULKY 52g TAMAÑO A4 - GRAPHOS (PQT x 500)","","0","0","0","A","1","2022-02-09 09:25:23","5","4","","1"),
("3","717200050413","PAPEL BOND DE 75g TAMAÑO A4 DE COLORES - MYLANO (PQT x 500)","","0","0","0","IRO","1","2022-02-09 09:25:23","1","4","","1"),
("4","717200050267","PAPEL BOND DE 75g TAMAÑO A4 DE COLOR - MYLANO","","0","0","0","IRO","1","2022-02-09 09:25:23","1","4","","1"),
("5","717200050224","PAPEL BOND 80g TAMAÑO A4 - GALLO (PQT x 500)","","0","0","0","ABAJO","1","2022-02-09 09:25:23","1","4","","1"),
("6","717200050136","PAPEL BOND 75g TAMAÑO A4 - KERO (PQT x 500)","","0","0","0","B","1","2022-02-09 09:25:23","1","4","","1"),
("7","717200050234","PAPEL BOND 75g TAMAÑO A3 - ATLAS (PQT x 500)","","0","0","0","ABAJO","1","2022-02-09 09:25:23","1","4","","1"),
("8","475100051800","FORMATO UNIDAD DE REFRACCIÓN","","0","0","250","D","1","2022-02-09 09:25:23","3","2","","1"),
("9","99007","FORMATO UNICO DE ATENCION - FUA x PQT DE 500","6 paquetes de una bolsa de abajo","0","0","94","B","1","2022-02-09 09:25:23","5","2","","1"),
("10","99008","FORMATO TERAPEUTICO Y SERVICIOS DE APOYO AL DIAGNOSTICO - MEDICAMENTOS (MÁS ANTIGUO)","encontrados abajo, algunos para desechar","0","0","780","ABAJO","1","2022-02-09 09:25:23","1","2","","1"),
("11","99001","FORMATO TERAPEUTICO Y SERVICIOS DE APOYO AL DIAGNOSTICO - MEDICAMENTOS (ANTIGUO)","","0","0","218","C","1","2022-02-09 09:25:23","1","2","","1"),
("12","99006","FORMATO TERAPEUTICO Y SERVICIOS DE APOYO AL DIAGNOSTICO - INSUMOS (NUEVO)","517 traidos de alm paty y roberto","0","0","1443","A","1","2022-02-09 09:25:23","1","2","","1"),
("13","99002","FORMATO TERAPEUTICO Y SERVICIOS DE APOYO AL DIAGNOSTICO - INSUMOS (ANTIGUO)","","0","0","111","C","1","2022-02-09 09:25:23","1","2","","1"),
("14","475100019003","FORMATO RIESGO QUIRÚRGICO X 100 HOJAS","","0","0","250","E","1","2022-02-09 09:25:23","1","2","475100019003.pdf","1"),
("15","475100056575","FORMATO RIESGO QUIRÚRGICO CONTROL","","0","0","150","E","1","2022-02-09 09:25:23","3","2","475100056575.pdf","1"),
("16","475100055957","FORMATO REPORTE DIARIO DE MATERIAL DE CENTRAL DE ESTERILIZACIÓN BLOCK X 100","","0","0","10","B","1","2022-02-09 09:25:23","1","2","","1"),
("17","475100054780","FORMATO REPORTE DE INCIDENTES Y EVENTOS ADVERSOS","","0","0","0","0","1","2022-02-09 09:25:23","1","2","","1"),
("18","475100015943","FORMATO REFERENCIA SIS AUTOCOPIATIVO (ORIGINAL + 2 COPIAS)","270 ALM ABAJO","0","0","292","E","1","2022-02-09 09:25:23","3","2","","1"),
("19","475100053329","FORMATO RECETA UNICA ESTANDARIZADA (ORIGINAL + 1 COPIA) PARA CIRUGÍA TRABECULECTOMÍA","","0","0","0","0","1","2022-02-09 09:25:23","3","2","","1"),
("20","475100056589","FORMATO RECETA UNICA ESTANDARIZADA (ORIGINAL + 1 COPIA) ANGIOGRAFÍA BLOCK X 100","","0","0","100","A","1","2022-02-09 09:25:23","1","2","475100056589.pdf","1"),
("21","475100051788","FORMATO PROTOCOLO PTERIGION","","0","0","38","B","1","2022-02-09 09:25:23","3","2","475100051788.pdf","1"),
("22","475100052099","FORMATO PROTOCOLO DE GLAUCOMA","","0","0","40","C","1","2022-02-09 09:25:23","3","2","475100052099.pdf","1"),
("23","475100017752","FORMATO PROTOCOLO DE ENFERMERIA EN TRANSOPERATORIO BLOCK X 100 HOJAS","","0","0","20","B","1","2022-02-09 09:25:23","1","2","","1"),
("24","475100051793","FORMATO PERIMETRO DE PROYECCION CAMPO VISUAL","","0","0","2500","B","1","2022-02-09 09:25:23","1","2","","1"),
("25","475100016068","FORMATO ORDEN MEDICAS","","0","0","30","B","1","2022-02-09 09:25:23","3","2","","1"),
("26","475100050668","FORMATO ORDEN DE OPERACIONES","","0","0","80","E","1","2022-02-09 09:25:23","3","2","","1"),
("27","475100018888","FORMATO LISTA DE VERIFICACION DE SEGURIDAD EN CIRUGIA","","0","0","97","D","1","2022-02-09 09:25:23","3","2","475100018888.pdf","1"),
("28","475100055959","FORMATO LISTA DE MONITOREO DIARIO DE MATERIAL QUIRÚRGICO BLOCK X 100 (MATERIAL QUIRURGICO SUELTO)","","0","0","30","A","1","2022-02-09 09:25:23","1","2","475100055959.pdf","1"),
("29","475100019376","FORMATO LAVADO DE PESTAÑAS","","0","0","200","D","1","2022-02-09 09:25:23","4","2","475100019376.pdf","1"),
("30","475100052110","FORMATO INFORMACION SOBRE CIRUGIA DE CHALAZION","","0","0","0","0","1","2022-02-09 09:25:23","1","2","","1"),
("31","475100052428","FORMATO INFORMACION SOBRE ANGIOFLUORESCEINOGRAFIA","","0","0","100","A","1","2022-02-09 09:25:23","1","2","475100052428.pdf","1"),
("32","475100017703","FORMATO HOJA TERAPEUTICA BLOCK X 100 HOJAS","","0","0","0","0","1","2022-02-09 09:25:23","1","2","","1"),
("33","475100019115","FORMATO HOJA PARA EXAMENES DE LABORATORIO BLOCK X 100 HOJAS","","0","0","100","B","1","2022-02-09 09:25:23","1","2","475100019115.pdf","1"),
("34","475100018798","FORMATO HOJA DE EMERGENCIA BLOCK X 100","","0","0","0","0","1","2022-02-09 09:25:23","1","2","","1"),
("35","475100017347","FORMATO HISTORIA OFTALMOLOGICA - SERVICIO DE OFTALMOLOGIA","","0","0","0","0","1","2022-02-09 09:25:23","1","2","","1"),
("36","475100051833","FORMATO HISTORIA CLINICA DEL NIÑO","","0","0","0","0","1","2022-02-09 09:25:23","1","2","","1"),
("37","475100015608","FORMATO HISTORIA CLINICA","","0","0","0","0","1","2022-02-09 09:25:23","1","2","","1"),
("38","475100056902","FORMATO F300 D REGISTRO DE SEGUIMIENTO CLINICO BLOCK X 100","","0","0","10","C","1","2022-02-09 09:25:23","1","2","475100056902.pdf","1"),
("39","475100019806","FORMATO EVALUACION PRE-OPERATORIA","","0","0","0","0","1","2022-02-09 09:25:23","3","2","","1"),
("40","475100015815","FORMATO EVALUACION PRE ANESTESICA","","0","0","20","B","1","2022-02-09 09:25:23","3","2","","1"),
("41","475100051802","FORMATO ESTUDIO DE CATARATA","","0","0","30","C","1","2022-02-09 09:25:23","3","2","","1"),
("42","475100019463","FORMATO DE VIGILANCIA EPIDEMIOLOGICA","","0","0","10","B","1","2022-02-09 09:25:23","1","2","475100019463.pdf","1"),
("43","475100017899","FORMATO DE TARJETA DE CITA","","0","0","0","0","1","2022-02-09 09:25:23","1","2","","1"),
("44","475100050264","FORMATO DE SOLICITUD DE EXAMENES DE DIAGNOSTICO POR IMÁGENES","","0","0","0","0","1","2022-02-09 09:25:23","3","2","","1"),
("45","475100056876","FORMATO DE RELACION DE PACIENTES PARA RECOJO DE MEDICAMENTOS BLOCK X 100","","0","0","0","0","1","2022-02-09 09:25:23","1","2","","1"),
("46","475100055958","FORMATO DE REGISTRO DE PACIENTES POST OPERATORIO BLOCK X 100","","0","0","10","B","1","2022-02-09 09:25:23","1","2","475100055958.pdf","1"),
("47","475100053333","FORMATO DE RECETA ÚNICA ESTANDARIZADA AUTOCOPIATIVO (ORIGINAL + 1 COPIA) PARA CIRUGÍA DE RETINA","","0","0","172","A","1","2022-02-09 09:25:23","3","2","475100053333.pdf","1"),
("48","475100050763","FORMATO DE RECETA ÚNICA ESTANDARIZADA + INDICACIONES (ORIGINAL + 1 COPIA) ","","0","0","4499","B-C","1","2022-02-09 09:25:23","3","2","475100050763.pdf","1"),
("49","475100053330","FORMATO DE RECETA UNICA ESTANDARIZADA (ORIGINAL + 1 COPIA) PARA CIRUGÍA DE IMPLANTE DE VÁLVULA","","0","0","0","0","1","2022-02-09 09:25:23","3","2","","1"),
("50","475100053328","FORMATO DE RECETA UNICA ESTANDARIZADA (ORIGINAL + 1 COPIA) PARA CIRUGÍA CHALAZIÓN","","0","0","39","A","1","2022-02-09 09:25:23","3","2","475100053328.pdf","1"),
("51","475100053326","FORMATO DE RECETA ÚNICA ESTANDARIZADA (ORIGINAL + 1 COPIA) PARA CIRUGÍA CATARATA","","0","0","174","A","1","2022-02-09 09:25:23","3","2","475100053326.pdf","1"),
("52","99005","FORMATO DE RECETA UNICA ESTANDARIZADA (ORIGINAL + 1 COPIA) GLAUCOMA - TRABECULECTOMIA","","0","0","49","A","1","2022-02-09 09:25:23","3","2","99005.pdf","1"),
("53","475100053327","FORMATO DE RECETA ÚNICA ESTANDARIZADA  (ORIGINAL + 1 COPIA) PARA CIRUGÍA PTERIGION","","0","0","139","A","1","2022-02-09 09:25:23","3","2","475100053327.pdf","1"),
("54","475100055964","FORMATO DE RECETA ÚNICA ESTANDARIZADA  (ORIGINAL + 1 COPIA) OCULOPLÁSTICA BLOCK X 100","","0","0","188","A","1","2022-02-09 09:25:23","1","2","475100055964.pdf","1"),
("55","475100016063","FORMATO DE INFORME DE INTERCONSULTA","","0","0","30","C","1","2022-02-09 09:25:23","3","2","475100016063.pdf","1"),
("56","475100050766","FORMATO DE HISTORIA CLÍNICA","","0","0","0","0","1","2022-02-09 09:25:23","1","2","","1"),
("57","475100052106","FORMATO DE EXAMEN BAJO ANESTESIA GENERAL","","0","0","5","D","1","2022-02-09 09:25:23","1","2","475100052106.pdf","1"),
("58","475100051795","FORMATO DE DESVIACION OCULAR","","0","0","20","B","1","2022-02-09 09:25:23","3","2","475100051795.pdf","1"),
("59","475100050765","FORMATO DE CITA DE CONTROL","","0","0","1800","A","1","2022-02-09 09:25:23","3","2","475100050765.pdf","1"),
("60","475100016055","FORMATO DE ATENCIÓN","","0","0","0","0","1","2022-02-09 09:25:23","1","2","","1"),
("61","475100015944","FORMATO CONTRAREFERENCIA SIS AUTOCOPIATIVO (ORIGINAL + 2 COPIAS)","ALM ABAJO mas 30(2 pqtde 15)","0","0","570","0","1","2022-02-09 09:25:23","3","2","","1"),
("62","475100053896","FORMATO CONSENTIMIENTO INFORMADO PARA RETINOPATIA DIABETICA","","0","0","199","D","1","2022-02-09 09:25:23","1","2","475100053896.pdf","1"),
("63","475100055994","FORMATO CONSENTIMIENTO INFORMADO PARA PROCEDIMIENTOS QUIRURGICOS BLOCK X 100 (CONSENTIMIENTO INFORMADO PARA CIRUGÍA)","","0","0","15","E","1","2022-02-09 09:25:23","1","2","","1"),
("64","475100056747","FORMATO CONSENTIMIENTO INFORMADO PARA LA ADMINISTRACION DE ANESTESIA GENERAL O SEDACION BLOCK x 100","","0","0","197","A","1","2022-02-09 09:25:23","1","2","475100056747.pdf","1"),
("65","475100050667","FORMATO CONSENTIMIENTO INFORMADO DE PROCEDIMIENTO","","0","0","65","E","1","2022-02-09 09:25:23","3","2","","1"),
("66","475100017278","FORMATO CONSENTIMIENTO INFORMADO","","0","0","0","0","1","2022-02-09 09:25:23","1","2","","1"),
("67","475100053671","FORMATO CONSENTIMIENTO - INFORMADO SOBRE CIRUGÍA DE CATARATA","","0","0","178","E","1","2022-02-09 09:25:23","1","2","475100053671.pdf","1"),
("68","475100053769","FORMATO CLASIFICACION DE DIFICULTAD DE CASO DE CATARATA","","0","0","0","0","1","2022-02-09 09:25:23","1","2","","1"),
("69","475100019026","FORMATO ACTUALIZACION DE DATOS BLOCK X 100 HOJAS","","0","0","0","0","1","2022-02-09 09:25:23","1","2","","1"),
("70","475100040746","FOLDER IMPRESO EN CARTULINA FOLCOTE 26.2 cm X 35.0 PARA HISTORIA CLINICA ADULTO","","0","0","0","0","1","2022-02-09 09:25:23","1","2","","1"),
("71","475100056877","FICHA DE REGISTRO BLOCK X 100 (FORMULARIO UNICO F100 REGISTRO DE PRUEBAS RAPIDAS)","","0","0","50","D","1","2022-02-09 09:25:23","1","2","475100056877.pdf","1"),
("72","99004","CAJAS DE CARTON","","0","0","0","0","1","2022-02-09 09:25:23","1","1","IMAGENCCITA.png","1"),
("73","99003","ARCHIVADORES PLASTIFICADOS OFICINA","","0","0","0","B","1","2022-02-09 09:25:23","1","4","REQUERIMIENTOS DE FORMATOS A MARZO 2022.pdf","1"),
("74","717200370038","PAPEL CONTINUO TIPO CONSOLA 56 g DE 9 7/8 in X 11 in X 1 - KERO","","0","0","0","ABAJO","1","2022-02-09 09:25:23","4","4","","1"),
("75","717200370153","PAPEL CONTINUO TIPO CONSOLA AUTOCOPIATIVO 56 g DE 9 7/8 in X 11 in X 2 - GALLO (pqt x 500)","","0","0","0","ABAJO","1","2022-02-09 09:25:23","1","4","","1"),
("76","717200370219","PAPEL CONTINUO TIPO CONSOLA AUTOCOPIATIVO 60 g DE 14 7/8 in X 11 in X2 - GALLO","","0","0","0","ABAJO","1","2022-02-09 09:25:23","4","4","","1"),
("77","767400062575","TONER DE IMPRESIÓN PARA HP COD REF. 30A CF230A NEGRO - HP","","0","0","0","ABAJO","1","2022-02-09 09:25:23","1","1","","1"),
("78","767400062073","TONER DE IMPRESIÓN PARA HP COD REF. 83A CF283A NEGRO - HP","","0","0","0","ABAJO","1","2022-02-09 09:25:23","1","1","","1"),
("79","767400062140","TONER DE IMPRESIÓN PARA SHARP COD. REF. MX-312NT NEGRO - SHARP","","0","0","0","B","1","2022-02-09 09:25:23","1","1","","1"),
("80","99009","FORMATO DE ATENCION BLOCC X 100 HOJAS","","0","0","0","A","1","2022-02-09 09:25:23","1","4","","1"),
("81","99010","FORMATO DE HISTORIA CLINICA CONTINUADOR CAJA X 5 MILL","","0","0","0","0","1","2022-02-09 09:25:23","1","4","99010.pdf","1"),
("82","99011","FORMATO RIESGO QUIRURGICO CONTINUADOR","","0","0","0","0","1","2022-02-09 09:25:23","1","4","","1"),
("83","99012","FORMATO DE RECETA UNICA ESTANDARIZADA (ORIGINAL + 1 COPIA) GLAUCOMA - IMPLANTE DE DISPOSITIVO DE DRENAJE","","0","0","39","A","1","2022-02-09 09:25:23","3","4","99012.pdf","1"),
("84","767400062998","TONER DE IMPRESIÓN PARA HP COD. REF. 105A W1105A NEGRO HP","TONER: RENDIEMIENTO: 1000 PG. NEGRO G. F: 12 MESES ON-SITE\nCAJA X 01 UNIDAD HP TONER W1105A","0","0","0","A","1","2022-02-09 09:25:23","1","1","","1"),
("85","767400062983","TONER DE IMPRESIÓN PARA HP COD. REF. 58A CF258A NEGRO - HP","TONER: RENDIMIENTO: 3000 pg","0","0","0","A","1","2022-02-09 09:25:23","1","1","","1"),
("86","740882240001","MOUSE INALAMBRICO - WIRELESS TEROS","mouse inalambrico, actualmente ubicado en la oficina del sis","0","0","0","sis","1","2022-02-09 09:25:23","1","1","","1"),
("87","740805000001","COMPUTADORA PERSONAL PORTATIL - LENOVO","COMPUTADORA PERSONAL PORTATIL - LENOVO, ubicado actualmente en la oficina del sis SERIES (PF2P70QA - PF2P8ET0)","0","0","0","sis","1","2022-02-09 09:25:23","1","1","","1"),
("88","740895560001","TECLADO INALAMBRICO - MEETION","TECLADO INALAMBRICO - MEETION, ubicado actualmente en la oficina del sis","0","0","0","sis","1","2022-02-09 09:25:23","1","1","","1"),
("89","767400062757","TONER DE IMPRESIÓN PARA KYOCERA COD. REF. TK 6117 NEGRO - KYOCERA","RENDIMIETNO 15000 PG","0","0","0","IRO","1","2022-02-09 09:25:23","1","1","","1"),
("90","767400060940","TONER DE IMPRESIÓN PARA XEROX COD. REF. 108R00908 NEGRO - XEROX","TONER DE IMPRESIÓN PARA XEROX COD. REF. 108R00908 NEGRO - XEROX","0","0","0","IRO","1","2022-02-09 09:25:23","1","1","","1"),
("91","99013","FORMATO UNICO DE ATENCION (FUA - NUEVO FORMATO 2022) BLOCK X 100","","0","0","0","ABAJO","1","2022-02-09 09:25:23","1","4","","1"),
("92","99014","FOLLETO INFORMATIVO PARA CURVA DE PRESIÓN","","0","0","0","ABAJO","1","2022-02-28 08:37:19","1","4","","1"),
("93","99015","FORMATO ORDENES MEDICAS - BLOCK X 100","","0","0","0","ABAJO","1","2022-02-09 09:25:23","1","4","","1"),
("94","99016","FORMATO DE SOLICITUD DE EXAMENES DE DIAGNOSTICO POR IMÁGENES - BLOCK X 100","","0","0","0","ABAJO","1","2022-02-09 09:25:23","1","4","","1"),
("95","99017","FORMATO ORDEN DE OPERACIONES - BLOCK X 100","","0","0","0","ABAJO","1","2022-02-09 09:25:23","1","4","","1"),
("96","99018","FORMATO DE SOLICITUD DE SALA DE OPERACIONES - BLOCK X 100","","0","0","0","ABAJO","1","2022-02-09 09:25:23","1","4","","1"),
("97","99019","FORMATO PROTOCOLO DE UVEA - BLOCK X 100","","0","0","0","ABAJO","1","2022-02-09 09:25:23","1","4","","1"),
("98","99020","FORMATO UNIDAD DE REFRACCIÓN - BLOCK X 100","","0","0","0","ABAJO","1","2022-02-09 09:25:23","1","4","","1"),
("99","99021","FORMATO ESTUDIO DE CATARATA - BLOCK X 100","","0","0","0","ABAJO","1","2022-02-09 09:25:23","1","4","","1"),
("100","99022","FORMATO PROTOCOLO DE PTERIGION (FICHA DE PTERIGION) - BLOCK X 100","","0","0","0","ABAJO","1","2022-02-09 09:25:23","1","4","","1");
INSERT INTO producto VALUES
("101","99023","FORMATO DE CLASIFICACION DE DIFICULTAD DE CASO CATARATA","","0","0","0","ABAJO","1","2022-02-09 09:25:23","1","4","","1"),
("102","99024","FORMATO REGISTRO DE PACIENTES CON SOSPECHA DE GLAUCOMA - BLOCK X 100","","0","0","0","ABAJO","1","2022-02-09 09:25:23","1","4","","1"),
("103","99025","FORMATO DE HOJA DE ANESTESIA","","0","0","0","ABAJO","1","2022-02-09 09:25:23","1","4","","1"),
("104","99026","FORMATO DE PROTOCOLO DE ENFERMERIA EN EL TRANSOPERATORIO","","0","0","0","ABAJO","1","2022-02-09 09:25:23","1","4","","1"),
("105","99027","FORMATO EVALUACION PREANESTESICA (VISITA PREANESTESICA) - BLOCK X 100","","0","0","0","ABAJO","1","2022-02-09 09:25:23","1","4","","1"),
("106","99028","FORMATO REPORTE DIARIO DE MATERIAL DE CENTRAL DE ESTERILIZACIÓN - BLOCK X 100","","0","0","0","ABAJO","1","2022-02-09 09:25:23","1","4","","1"),
("107","99029","SOBRE BLANCO MEMBRETADO  ","","0","0","0","ABAJO","1","2022-02-09 09:25:23","1","4","","1"),
("108","99030","FORMATO DE RECETA ÚNICA ESTANDARIZADA LASIK - BLOCK X 100","","0","0","0","ABAJO","1","2022-02-09 09:25:23","1","4","","1"),
("109","99031","FORMATO DE RECETA ÚNICA ESTANDARIZADA PRK - BLOCK X 100","","0","0","0","ABAJO","1","2022-02-09 09:25:23","1","4","","1"),
("110","99032","FORMATO DE RECETA ÚNICA ESTANDARIZADA AVASTIN - BLOCK X 100","","0","0","0","ABAJO","1","2022-02-09 09:25:23","1","4","","1"),
("111","99033","CONSENTIMIENTO INFORMADO PARA PROCEDIMIENTOS - BLOCK X 100","","0","0","0","ABAJO","1","2022-02-09 09:25:23","1","4","","1"),
("112","99034","FORMATO INFORMACION SOBRE LA CIRUGÍA DE CHALAZION","","0","0","0","ABAJO","1","2022-02-09 09:25:23","1","4","","1"),
("113","99035","FORMATO CONSENTIMIENTO INFORMADO PARA CIRUGÍA (PROCEDIMIENTOS QUIRURGICOS)","","0","0","0","ABAJO","1","2022-02-09 09:25:23","1","4","","1"),
("114","99036","FORMATO CURVA DE PRESION INTRAOCULAR - BLOCK X 100","","0","0","0","ABAJO","1","2022-02-09 09:25:23","1","4","","1"),
("115","99037","FORMATO INFORMATIVO DE LÁSER PARA RETINOPATIA DIABETICA","","0","0","0","ABAJO","1","2022-02-09 09:25:23","1","4","","1"),
("116","99038","FORMATO INFORMACION SOBRE LA CIRUGIA DE PTERIGION - BLOCK X 100","","0","0","0","ABAJO","1","2022-02-09 09:25:23","1","4","","1"),
("117","99039","FORMATO CONSENTIMIENTO INFORMADO PARA CIRUGIA DE GLAUCOMA - BLOCK X 100","","0","0","0","ABAJO","1","2022-02-09 09:25:23","1","4","","1"),
("118","99040","FORMATO CONSENTIMIENTO INFORMADO PARA CIRUGIA REFRACTIVA CON EXAMEN LASER - BLOCK X 100","","0","0","0","ABAJO","1","2022-02-09 09:25:23","1","4","","1"),
("119","99041","FORMADO CONSENTIMIENTO INFORMADO PARA LA ADMINISTRACION DE ANESTESIA GENERAL O SEDACION - BLOCK X 100","","0","0","0","ABAJO","1","2022-02-09 09:25:23","1","4","","1");




CREATE TABLE `salida` (
  `idsalida` int(11) NOT NULL AUTO_INCREMENT,
  `fecha` date NOT NULL,
  `fechareg` timestamp NOT NULL DEFAULT current_timestamp() ON UPDATE current_timestamp(),
  `documento` varchar(11) COLLATE utf8_spanish_ci NOT NULL,
  `idarea` int(11) NOT NULL,
  `comentario` varchar(200) COLLATE utf8_spanish_ci NOT NULL,
  `status` int(11) NOT NULL,
  `idusuario` int(11) NOT NULL,
  PRIMARY KEY (`idsalida`),
  KEY `idarea` (`idarea`),
  KEY `idusuario` (`idusuario`),
  CONSTRAINT `salida_ibfk_1` FOREIGN KEY (`idarea`) REFERENCES `area` (`idarea`),
  CONSTRAINT `salida_ibfk_2` FOREIGN KEY (`idusuario`) REFERENCES `usuario` (`idusuario`)
) ENGINE=InnoDB AUTO_INCREMENT=99 DEFAULT CHARSET=utf8 COLLATE=utf8_spanish_ci;


INSERT INTO salida VALUES
("6","2021-07-09","2022-02-09 10:01:01","CARGO-0001","24","BETSY","1","1"),
("7","2021-07-15","2022-02-09 10:01:01","CARGO-0002","10","LIC AMANDA","1","1"),
("8","2021-07-20","2022-02-09 10:01:01","CARGO-0005","24","LUZ R","1","1"),
("9","2021-07-22","2022-02-09 10:01:01","REP-01-21","25","REPARTO LO REALIZÓ PATY A VARIAS AREAS","1","1"),
("10","2021-07-05","2022-02-09 10:01:01","CARGO-0006","9","-","1","1"),
("11","2021-08-10","2022-02-09 10:01:01","CARGO-0008","24","CRISTHIAN","1","1"),
("12","2021-08-11","2022-02-09 10:01:01","CARGO-0009","25","PATY","1","1"),
("13","2021-08-12","2022-02-09 10:01:01","CARGO-0010","25","PATY","1","1"),
("14","2021-08-13","2022-02-09 10:01:01","CARGO-0011","26","CIRUGIA","1","1"),
("15","2021-08-16","2022-02-09 10:01:01","CARGO-0012","25","PATY","1","1"),
("16","2021-08-17","2022-02-09 10:01:01","CARGO-0013","25","PATY","1","1"),
("17","2021-09-07","2022-02-09 10:01:01","CARGO-0014","24","CRISTHIAN","1","1"),
("18","2021-09-16","2022-02-09 10:01:01","CARGO-0016","24","BETSY","1","1"),
("19","2021-09-27","2022-02-09 10:01:01","CARGO-0017","11","ELEANA - CONSULTA EXTERNA PISO 3","1","1"),
("20","2021-09-27","2022-02-09 10:01:01","CARGO-0018","11","ELEANA","1","1"),
("21","2021-09-27","2022-02-09 10:01:01","CARGO-0019","10","LIC AMANDA","1","1"),
("22","2021-09-29","2022-02-09 10:01:01","CARGO-0021","24","JONY","1","1"),
("23","2021-09-29","2022-02-09 10:01:01","CARGO-0022","27","DANIEL CASTAÑEDA","1","1"),
("24","2021-09-29","2022-02-09 10:01:01","CARGO-0021","24","JONY","1","1"),
("25","2021-09-28","2022-02-09 10:01:01","CARGO-0020","25","SALIO POR SRA MARTHA, EL DIA QUE PROVEEDOR ENTREGO","1","1"),
("26","2021-10-12","2022-02-09 10:01:01","CARGO-0049","3","-","1","1"),
("27","2021-10-15","2022-02-09 10:01:01","CARGO-0050","4","MAYRA","1","1"),
("28","2021-10-18","2022-02-09 10:01:01","CARGO-0051","20","-","1","1"),
("29","2021-10-19","2022-02-09 10:01:01","CARGO-0052","27","SRA FLOR","1","1"),
("30","2021-10-21","2022-02-09 10:01:01","CARGO-0053","3","-","1","1"),
("31","2021-10-28","2022-02-09 10:01:01","CARGO-0023","23","ESTHER VILCA","1","1"),
("32","2021-10-28","2022-02-09 10:01:01","CARGO-0054","24","JONY","1","1"),
("33","2021-11-03","2022-02-09 10:01:01","CARGO-0024","27","-","1","1"),
("34","2021-11-04","2022-02-09 10:01:01","CARGO-0025","24","CRISTHIAN","1","1"),
("35","2021-11-15","2022-02-09 10:01:01","CARGO-0028","10","-","1","1"),
("36","2021-11-15","2022-02-09 10:01:01","CARGO-0029","26","-","1","1"),
("37","2021-11-19","2022-02-09 10:01:01","CARGO-0030","18","ELEANA - RECIBIO ENFERMERIA","1","1"),
("38","2021-11-19","2022-02-09 10:01:01","CARGO-0031","27","-","1","1"),
("39","2021-11-26","2022-02-09 10:01:01","REP-02-21","25","REPARTO DE UTILES 2021 A VARIAS AREAS","1","1"),
("40","2021-11-30","2022-02-09 10:01:01","CARGO-0040","24","LUZ R","1","1"),
("41","2021-12-01","2022-02-09 10:01:01","CARGO-0041","27","SRA FLOR","1","1"),
("42","2021-12-03","2022-02-09 10:01:01","CARGO-0043","26","-","1","1"),
("43","2021-12-07","2022-02-09 10:01:01","CARGO-0046","27","-","1","1"),
("44","2021-12-09","2022-02-09 10:01:01","CARGO-0047","10","LIC AMANDA","1","1"),
("45","2021-12-09","2022-02-09 10:01:01","CARGO-0048","23","-","1","1"),
("46","2021-12-09","2022-02-09 10:01:01","CARGO-0055","4","TRASLADO DE UNIDAD DE SEGUROS","1","1"),
("47","2021-12-14","2022-02-09 10:01:01","CARGO-0056","23","UPE","1","1"),
("48","2021-12-14","2022-02-09 10:01:01","CARGO-0057","24","ATENCION SIS","1","1"),
("49","2021-12-14","2022-02-09 10:01:01","CARGO-0058","11","REPARTO PARA 3ER Y 4TO PISO","1","1"),
("50","2021-12-15","2022-02-09 10:01:01","CARGO-0059","5","ADMIN","1","1"),
("51","2021-12-15","2022-02-09 10:01:01","CARGO-0060","14","LOGISTICA","1","1"),
("52","2021-12-15","2022-02-09 10:01:01","CARGO-0061","3","ENTREGADO POR ROCKY A REF","1","1"),
("53","2021-12-20","2022-02-09 10:01:01","CARGO-0062","27","LLEVARON LOS CHICOS DE FARMACIA","1","1"),
("54","2021-12-23","2022-02-09 10:01:01","CARGO-0064","4","PARA SIS","1","1"),
("55","2021-12-23","2022-02-09 10:01:01","CARGO-0063","12","SERIE PF2P8ET0","1","1"),
("56","2021-12-07","2022-02-09 10:01:01","CARGO-0044","3","-","1","1"),
("57","2021-12-07","2022-02-09 10:01:01","CARGO-0045","19","-","1","1"),
("58","2021-12-28","2022-02-09 10:01:01","CARGO-0065","3","recibido por erik","1","1"),
("59","2022-01-29","2022-02-09 10:01:01","CARGO-0066","4","INFORMADO POR ROCKY","1","1"),
("60","2022-01-06","2022-02-09 10:01:01","CARGO-0067","12","ULTIMOS TONER 83A, UN MOUSE ENTREGADO POR SRA MARTHA","1","1"),
("61","2022-01-10","2022-02-09 10:01:01","CARGO-0068","24","RECOGIDO POR JONY","1","1"),
("62","2022-01-13","2022-02-09 10:01:01","CARGO-0072","5","-","1","1"),
("63","2022-01-13","2022-02-09 10:01:01","CARGO-0073","4","-","1","1"),
("64","2022-01-14","2022-02-09 10:01:01","CARGO-0074","26","-","1","1"),
("65","2022-01-17","2022-02-09 10:01:01","CARGO-0075","11","TONER HP 105A PARA CONSULTA EXERNA","1","1"),
("66","2022-01-17","2022-02-09 10:01:01","CARGO-0076","23","-","1","1"),
("67","2022-01-17","2022-02-09 10:01:01","FOR-01-2022","11","REPARTO DE FORMATOS A ENFERMERIA 01","1","1"),
("68","2022-01-28","2022-02-09 10:01:01","CARGO-0078","24","RECIBIDO POR BETSY","1","1"),
("69","2022-01-28","2022-02-09 10:01:01","CARGO-0079","4","LLEVADO POR LUIS CALDERON","1","1"),
("70","2022-01-28","2022-02-09 10:01:01","CARGO-0080","10","RECIBIDO POR LIC AMANDA","1","1"),
("71","2022-02-07","2022-02-09 10:01:01","CARGO-0081","24","RECIBIDO POR JONY","1","1"),
("72","2022-02-07","2022-02-09 10:01:01","CARGO-0082","23","UPE","1","1"),
("73","2022-02-08","2022-02-09 10:01:01","CARGO-0083","24","RECIBIDO POR JONY","1","1"),
("74","2022-02-08","2022-02-09 10:01:01","CARGO-0084","9","RECIBIDO POR CELI HIDALGO","1","1"),
("75","2022-02-08","2022-02-09 10:01:01","CARGO-0086","4","-","1","1"),
("76","2022-02-08","2022-02-09 10:01:01","CARGO-0085","18","CONSULTA EXTERNA","1","1"),
("77","2022-02-15","2022-02-15 10:38:12","CARGO-0087","3","ENTREGADO A VERONICA","1","1"),
("78","2022-02-17","2022-02-17 08:49:01","CARGO-0090","24","RECIBIDO POR JANETH","1","1"),
("79","2022-02-17","2022-02-17 11:06:54","CARGO-0091","27","ENTREGADO A 2 PERSONAS DE FARMACIA","1","1"),
("80","2022-02-21","2022-02-21 11:40:42","CARGO-0092","3","RECIBIDO POR ERIC","1","1"),
("81","2022-02-22","2022-02-22 12:41:46","CARGO-0093","10","PARA EMERGENCIA","1","1"),
("82","2022-02-25","2022-02-25 14:26:53","CARGO-0094","4","ABASTECIENDO OFICINA","1","1"),
("83","2022-02-28","2022-02-28 09:39:39","CARGO-0095","24","RECIBIDO POR BETSY","1","1"),
("84","2022-03-07","2022-03-14 10:46:02","CARGO-0096","24","-","1","1"),
("85","2022-03-10","2022-03-14 10:47:00","CARGO-0097","24","-","1","1"),
("86","2022-03-11","2022-03-14 10:47:43","CARGO-0098","24","-","1","1"),
("87","2022-03-11","2022-03-14 10:48:14","CARGO-0099","4","-","1","1"),
("88","2022-03-16","2022-03-16 13:24:26","CARGO-0100","12","Adicional 5 cuadernos cuadri, 3 USB 64GB, 20 clips 33mm, 6 gomas en barra, 24 archivadores oficio","1","1"),
("89","2022-03-16","2022-03-16 13:10:48","CARGO-0101","24","RECIBIDO POR JONY","1","1"),
("90","2022-03-16","2022-03-16 13:12:47","CARGO-0102","27","RECIBIDO POR PERSONAL DE FARMACIA","1","1"),
("91","2022-03-21","2022-03-23 10:39:35","CARGO-0103","13","ENTREGADO A LIC LIDIA","1","1"),
("92","2022-03-25","2022-03-25 13:51:31","CARGO-0104","14","RECIBIDO POR OMAR","1","1"),
("93","2022-03-28","2022-03-28 09:27:30","CARGO-0105","24","RECIBIDO POR JONY","1","1"),
("94","2022-03-28","2022-03-28 09:29:50","CARGO-0107","4","ABASTECIENDO OFICINA","1","1"),
("95","2022-03-29","2022-03-30 09:08:38","CARGO-0108","23","ENTREGADO SOLO 19, PORQUE SE DIO DE LA UNIDAD DE SEGUROS","1","1"),
("96","2022-04-01","2022-04-01 14:30:48","CARGO-0110","24","RECIBIDO POR JONY","1","1"),
("97","2022-04-04","2022-04-06 14:14:53","CARGO-0111","3","ENTREGADO POR ROCKY","1","1"),
("98","2022-04-07","2022-04-08 08:38:32","CARGO-0112","3","ENTREGADO A VERONICA","1","1");




CREATE TABLE `tipousuario` (
  `idtipousu` int(11) NOT NULL AUTO_INCREMENT,
  `tipo` varchar(20) COLLATE utf8_spanish_ci NOT NULL,
  `status` int(11) NOT NULL,
  PRIMARY KEY (`idtipousu`)
) ENGINE=InnoDB AUTO_INCREMENT=5 DEFAULT CHARSET=utf8 COLLATE=utf8_spanish_ci;


INSERT INTO tipousuario VALUES
("1","admin","1"),
("2","asistente","1"),
("3","espectador","1");




CREATE TABLE `unidadm` (
  `idum` int(11) NOT NULL AUTO_INCREMENT,
  `um` char(4) COLLATE utf8_spanish_ci NOT NULL,
  PRIMARY KEY (`idum`)
) ENGINE=InnoDB AUTO_INCREMENT=6 DEFAULT CHARSET=utf8 COLLATE=utf8_spanish_ci;


INSERT INTO unidadm VALUES
("1","UND"),
("3","CIEN"),
("4","MILL"),
("5","PQT");




CREATE TABLE `usuario` (
  `idusuario` int(11) NOT NULL AUTO_INCREMENT,
  `usuario` varchar(30) COLLATE utf8_spanish_ci NOT NULL,
  `password` varchar(80) COLLATE utf8_spanish_ci NOT NULL,
  `nombres` varchar(100) COLLATE utf8_spanish_ci NOT NULL,
  `dni` char(8) COLLATE utf8_spanish_ci NOT NULL,
  `lastlogin` timestamp NOT NULL DEFAULT current_timestamp() ON UPDATE current_timestamp(),
  `status` int(11) NOT NULL,
  `idtipousu` int(11) NOT NULL,
  PRIMARY KEY (`idusuario`),
  KEY `idtipousu` (`idtipousu`),
  CONSTRAINT `usuario_ibfk_1` FOREIGN KEY (`idtipousu`) REFERENCES `tipousuario` (`idtipousu`)
) ENGINE=InnoDB AUTO_INCREMENT=4 DEFAULT CHARSET=utf8 COLLATE=utf8_spanish_ci;


INSERT INTO usuario VALUES
("1","lcalderons","$2a$07$asxx54ahjppf45sd87a5aunxs9bkpyGmGE/.vekdjFg83yRec789S","Luis Calderón Sánchez","45487229","2022-03-01 08:39:29","1","1"),
("2","lsanchez","$2a$07$asxx54ahjppf45sd87a5auFL5K1.Cmt9ZheoVVuudOi5BCi10qWly","Luis Sánchez C","45487228","2022-03-16 14:26:53","1","2"),
("3","wasaberto","$2a$07$asxx54ahjppf45sd87a5auFL5K1.Cmt9ZheoVVuudOi5BCi10qWly","Espectador de una area","14785236","2022-03-16 14:26:51","1","3");




/*!40101 SET CHARACTER_SET_CLIENT=@OLD_CHARACTER_SET_CLIENT */;
/*!40101 SET CHARACTER_SET_RESULTS=@OLD_CHARACTER_SET_RESULTS */;
/*!40101 SET COLLATION_CONNECTION=@OLD_COLLATION_CONNECTION */;